application_id,citizen_id,scheme_id,application_date,declared_income,declared_land_area,document_count,application_status,previous_application,duplicate_identity_flag,income_mismatch_flag,land_mismatch_flag,multiple_scheme_flag,fraud_label,income_deviation_pct,land_deviation_pct,application_frequency,days_since_previous_application,scheme_claim_count,benefit_overlap_count,document_completeness,citizen_data_consistency,application_consistency_score,suspicious_pattern_score
APP10001,CIT10129,SCH010,2025-01-01,93041,1.04,4,Under Review,False,0,0,0,0,0,10.92,0.95,1,-1,1,0,1.0,95.79,100.0,7
APP10002,CIT10245,SCH005,2025-01-01,106167,10.0,4,Submitted,False,0,0,0,0,0,2.03,0.7,1,-1,1,1,1.0,96.78,99.68,0
APP10003,CIT10106,SCH001,2025-01-01,55807,0.0,4,Under Review,False,0,0,0,0,0,2.7,0.0,1,-1,1,1,1.0,98.84,100.0,0
APP10004,CIT10321,SCH008,2025-01-02,141817,0.0,5,Submitted,False,0,0,0,0,0,0.83,0.0,1,-1,1,1,1.0,100.0,100.0,0
APP10005,CIT10122,SCH004,2025-01-02,120622,1.34,5,Submitted,False,0,0,0,0,0,3.3,0.0,1,-1,1,1,1.0,100.0,100.0,0
APP10006,CIT10318,SCH009,2025-01-03,31858,0.0,5,Under Review,False,0,0,0,0,0,2.98,0.0,1,-1,1,1,1.0,99.76,100.0,4
APP10007,CIT10182,SCH004,2025-01-03,85450,0.2,4,Under Review,False,0,0,1,0,0,2.98,233.33,1,-1,1,1,1.0,52.98,98.01,26
APP10008,CIT10103,SCH002,2025-01-04,51275,4.36,3,Submitted,False,0,0,1,0,1,1.21,436.0,1,-1,1,1,0.75,53.48,87.1,26
APP10009,CIT10316,SCH003,2025-01-04,55920,0.64,4,Approved,False,0,0,0,0,0,16.82,0.0,1,-1,1,1,1.0,93.48,97.23,4
APP10010,CIT10302,SCH005,2025-01-05,19778,0.0,2,Submitted,False,0,0,0,1,1,5.14,0.0,1,-1,4,4,0.5,98.15,67.05,45
APP10011,CIT10261,SCH012,2025-01-05,105578,0.2,5,Under Review,False,0,0,0,0,0,6.97,0.0,1,-1,1,1,1.0,96.06,100.0,8
APP10012,CIT10113,SCH010,2025-01-06,20831,0.17,3,Approved,False,0,0,0,0,0,1.92,0.0,1,-1,1,0,1.0,100.0,100.0,0
APP10013,CIT10406,SCH006,2025-01-06,137638,2.03,4,Submitted,False,0,0,0,0,0,15.19,2.01,1,-1,1,1,1.0,94.04,100.0,8
APP10014,CIT10474,SCH007,2025-01-07,12466,0.0,5,Under Review,False,0,0,0,0,0,3.88,0.0,1,-1,1,1,1.0,97.61,99.28,1
APP10015,CIT10437,SCH004,2025-01-07,116099,0.0,4,Submitted,False,0,0,0,0,0,3.85,0.0,1,-1,1,1,1.0,100.0,98.23,5
APP10016,CIT10070,SCH007,2025-01-08,17900,0.51,4,Submitted,False,0,0,0,0,0,0.26,2.0,1,-1,1,1,1.0,98.67,100.0,0
APP10017,CIT10160,SCH010,2025-01-08,57067,0.0,5,Submitted,False,0,0,0,0,0,3.26,0.0,1,-1,1,0,1.0,96.57,100.0,0
APP10018,CIT10240,SCH003,2025-01-09,66772,8.57,3,Approved,False,0,0,0,0,0,1.6,2.72,1,-1,1,1,0.75,96.57,82.55,4
APP10019,CIT10011,SCH007,2025-01-09,41612,0.0,5,Submitted,False,0,0,0,0,0,2.4,0.0,1,-1,1,1,1.0,100.0,100.0,0
APP10020,CIT10138,SCH004,2025-01-10,27012,1.88,5,Under Review,False,0,0,0,0,0,3.96,21.29,1,-1,1,1,1.0,87.54,100.0,8
APP10021,CIT10495,SCH008,2025-01-10,90060,0.13,4,Under Review,False,0,0,0,0,0,0.18,0.0,1,-1,1,1,1.0,99.22,97.47,3
APP10022,CIT10167,SCH009,2025-01-10,46066,0.27,2,Approved,False,0,0,0,0,1,2.38,3.85,1,-1,1,1,0.67,98.59,82.91,0
APP10023,CIT10247,SCH007,2025-01-11,14894,0.0,5,Under Review,False,0,0,0,0,0,1.54,0.0,1,-1,1,1,1.0,97.67,98.56,2
APP10024,CIT10354,SCH008,2025-01-11,104935,3.93,4,Under Review,False,0,0,0,0,0,11.66,1.03,1,-1,1,1,1.0,96.13,97.72,3
APP10025,CIT10031,SCH008,2025-01-12,63464,4.96,4,Under Review,False,0,0,0,0,0,3.97,0.2,1,-1,1,1,1.0,98.67,98.82,3
APP10026,CIT10012,SCH002,2025-01-12,18985,0.0,3,Submitted,False,0,0,0,0,0,0.61,0.0,1,-1,1,1,0.75,99.99,83.62,0
APP10027,CIT10243,SCH009,2025-01-13,43323,0.76,1,Approved,False,0,0,0,0,1,6.45,4.11,1,-1,1,1,0.33,96.05,62.41,22
APP10028,CIT10108,SCH006,2025-01-13,19239,0.0,5,Submitted,False,0,0,0,0,0,0.47,0.0,1,-1,1,1,1.0,100.0,98.13,0
APP10029,CIT10336,SCH011,2025-01-14,11880,2.93,4,Submitted,False,0,0,0,0,0,1.0,1.01,1,-1,1,0,1.0,97.61,100.0,0
APP10030,CIT10422,SCH004,2025-01-14,12073,0.0,4,Approved,False,0,0,0,0,0,0.61,0.0,1,-1,1,1,1.0,99.57,100.0,10
APP10031,CIT10323,SCH005,2025-01-15,56416,0.35,5,Under Review,False,0,0,0,0,0,3.31,2.94,1,-1,1,1,1.0,98.89,100.0,0
APP10032,CIT10194,SCH010,2025-01-15,30642,1.25,5,Approved,False,0,0,0,0,0,0.76,0.79,1,-1,1,0,1.0,99.12,98.27,2
APP10033,CIT10308,SCH005,2025-01-16,24505,0.16,5,Submitted,False,0,0,0,0,0,0.56,20.0,1,-1,1,1,1.0,90.3,99.3,5
APP10034,CIT10133,SCH007,2025-01-16,234314,0.0,4,Under Review,False,0,0,0,0,0,2.53,0.0,1,-1,1,1,1.0,98.16,100.0,0
APP10035,CIT10395,SCH009,2025-01-17,160631,0.0,5,Approved,False,0,0,0,0,0,1.01,0.0,1,-1,1,1,1.0,98.79,98.84,2
APP10036,CIT10281,SCH007,2025-01-17,155329,0.0,3,Under Review,False,0,0,0,0,0,2.2,0.0,1,-1,1,1,0.75,98.62,84.24,0
APP10037,CIT10291,SCH009,2025-01-18,19936,2.75,5,Approved,False,0,0,0,0,0,3.43,0.73,1,-1,1,1,1.0,97.49,99.79,0
APP10038,CIT10163,SCH004,2025-01-18,12315,0.0,4,Under Review,False,0,0,0,0,0,2.62,0.0,1,-1,1,1,1.0,98.14,100.0,4
APP10039,CIT10278,SCH010,2025-01-19,96297,0.22,5,Under Review,False,0,0,0,0,0,0.3,4.35,1,-1,1,0,1.0,98.57,100.0,0
APP10040,CIT10421,SCH010,2025-01-19,50564,0.0,3,Approved,False,0,0,0,0,0,2.39,0.0,1,-1,1,0,1.0,99.86,99.51,0
APP10041,CIT10470,SCH004,2025-01-19,22004,0.07,5,Approved,False,0,0,0,0,0,0.65,0.0,1,-1,1,1,1.0,99.24,99.47,1
APP10042,CIT10439,SCH006,2025-01-20,12383,2.97,3,Under Review,False,0,0,0,0,0,3.19,2.41,1,-1,1,1,1.0,98.12,100.0,0
APP10043,CIT10203,SCH008,2025-01-20,64118,0.46,3,Approved,False,0,0,0,0,0,3.21,2.13,1,-1,1,1,0.75,95.94,84.29,2
APP10044,CIT10096,SCH009,2025-01-21,191640,0.0,4,Under Review,False,0,0,0,0,0,4.84,0.0,1,-1,1,1,1.0,96.76,99.94,0
APP10045,CIT10483,SCH001,2025-01-21,39599,0.0,4,Under Review,False,0,0,0,0,0,0.21,0.0,1,-1,1,1,1.0,99.78,100.0,0
APP10046,CIT10223,SCH001,2025-01-22,33857,5.76,4,Approved,False,0,0,1,0,1,0.3,569.77,1,-1,1,1,1.0,55.97,97.91,34
APP10047,CIT10237,SCH008,2025-01-22,18372,0.15,4,Under Review,False,0,0,0,0,0,0.61,0.0,1,-1,1,1,1.0,99.99,100.0,4
APP10048,CIT10117,SCH011,2025-01-23,25881,1.3,1,Submitted,False,0,1,0,0,1,63.23,0.78,1,-1,1,0,0.25,70.34,53.93,44
APP10049,CIT10456,SCH007,2025-01-23,13172,0.13,4,Submitted,False,0,0,0,0,0,2.74,0.0,1,-1,1,1,1.0,100.0,98.64,3
APP10050,CIT10192,SCH009,2025-01-24,31791,2.54,2,Approved,False,0,1,0,0,1,56.06,3.42,1,-1,1,1,0.67,74.66,80.7,24
APP10051,CIT10276,SCH011,2025-01-24,61943,0.0,4,Submitted,False,0,0,0,0,0,0.79,0.0,1,-1,1,0,1.0,99.79,100.0,1
APP10052,CIT10106,SCH003,2025-01-25,54269,0.0,4,Submitted,True,0,0,0,1,0,0.13,0.0,2,24,2,2,1.0,99.46,100.0,5
APP10053,CIT10482,SCH010,2025-01-25,59688,0.0,5,Approved,False,0,0,0,0,0,2.22,0.0,1,-1,1,0,1.0,98.01,99.24,5
APP10054,CIT10004,SCH012,2025-01-26,12096,0.2,5,Submitted,False,0,0,0,0,0,2.29,0.0,1,-1,1,1,1.0,99.21,100.0,0
APP10055,CIT10018,SCH005,2025-01-26,34082,0.0,3,Approved,False,0,0,0,0,0,1.86,0.0,1,-1,1,1,0.75,97.97,86.75,0
APP10056,CIT10307,SCH003,2025-01-27,293308,4.42,4,Submitted,False,0,0,0,0,0,3.96,1.12,1,-1,1,1,1.0,97.46,97.55,2
APP10057,CIT10452,SCH005,2025-01-27,11685,0.0,4,Submitted,False,0,0,1,0,0,2.62,100.0,1,-1,1,1,1.0,54.76,97.73,28
APP10058,CIT10020,SCH010,2025-01-28,118478,0.03,5,Approved,False,0,0,0,0,0,0.87,0.0,1,-1,1,0,1.0,100.0,100.0,1
APP10059,CIT10122,SCH001,2025-01-28,116915,1.2,3,Approved,True,0,0,0,1,0,0.13,10.45,2,26,2,2,0.75,93.68,86.87,1
APP10060,CIT10137,SCH011,2025-01-28,73708,3.93,4,Under Review,False,0,0,0,0,0,2.35,1.03,1,-1,1,0,1.0,98.54,99.18,0
APP10061,CIT10080,SCH004,2025-01-29,122700,0.64,3,Under Review,False,0,0,0,0,0,3.8,1.54,1,-1,1,1,0.75,98.89,85.52,6
APP10062,CIT10154,SCH006,2025-01-29,55686,3.69,4,Submitted,False,0,0,0,0,0,2.45,1.37,1,-1,1,1,1.0,97.11,97.87,3
APP10063,CIT10358,SCH002,2025-01-30,174329,5.28,3,Approved,False,0,0,1,0,1,1.91,528.0,1,-1,1,1,0.75,54.9,85.13,27
APP10064,CIT10025,SCH007,2025-01-30,64748,1.63,4,Under Review,False,0,0,0,0,0,0.07,1.24,1,-1,1,1,1.0,98.94,99.25,0
APP10065,CIT10452,SCH008,2025-01-31,11672,0.16,3,Under Review,True,0,0,0,1,0,2.73,0.0,2,4,2,2,0.75,98.66,86.5,0
APP10066,CIT10169,SCH001,2025-01-31,78970,7.94,2,Under Review,False,0,0,1,0,1,0.07,443.84,1,-1,1,1,0.5,56.9,69.26,54
APP10067,CIT10059,SCH004,2025-02-01,26610,3.25,3,Submitted,False,0,0,0,0,0,2.83,1.22,1,-1,1,1,0.75,99.35,85.6,0
APP10068,CIT10301,SCH011,2025-02-01,70775,0.0,4,Submitted,False,0,0,0,0,0,4.51,0.0,1,-1,1,0,1.0,98.72,100.0,8
APP10069,CIT10041,SCH004,2025-02-02,22166,0.0,3,Under Review,False,0,0,0,0,0,2.29,0.0,1,-1,1,1,0.75,98.88,85.23,0
APP10070,CIT10038,SCH005,2025-02-02,57051,1.79,4,Approved,False,0,0,0,0,0,2.99,1.1,1,-1,1,1,1.0,97.33,97.7,5
APP10071,CIT10117,SCH012,2025-02-03,68365,1.28,5,Under Review,True,0,0,0,0,0,2.88,0.78,2,11,2,1,1.0,98.48,100.0,3
APP10072,CIT10275,SCH012,2025-02-03,59433,1.72,2,Approved,False,1,0,0,0,1,5.26,4.88,1,2,1,1,0.5,95.93,41.0,43
APP10073,CIT10270,SCH004,2025-02-04,27356,0.0,4,Approved,False,0,0,0,0,0,0.09,0.0,1,-1,1,1,1.0,99.2,100.0,1
APP10074,CIT10127,SCH009,2025-02-04,11680,0.09,3,Submitted,False,0,0,0,0,0,2.67,0.0,1,-1,1,1,1.0,98.77,100.0,0
APP10075,CIT10405,SCH007,2025-02-05,60885,2.23,5,Approved,False,0,0,0,0,0,0.77,1.83,1,-1,1,1,1.0,100.0,100.0,3
APP10076,CIT10399,SCH002,2025-02-05,39074,0.0,4,Under Review,False,0,0,0,0,0,2.79,0.0,1,-1,1,1,1.0,96.97,100.0,0
APP10077,CIT10003,SCH001,2025-02-06,23088,2.01,4,Approved,False,0,0,0,0,0,1.13,0.0,1,-1,1,1,1.0,100.0,99.71,2
APP10078,CIT10293,SCH009,2025-02-06,24136,1.76,3,Submitted,False,0,0,0,0,0,1.26,0.57,1,-1,1,1,1.0,97.86,98.71,4
APP10079,CIT10373,SCH001,2025-02-06,83961,3.21,5,Approved,False,0,0,0,0,0,1.52,1.83,1,-1,1,1,1.0,96.83,99.67,0
APP10080,CIT10498,SCH006,2025-02-07,93485,0.41,5,Submitted,False,0,0,0,0,0,0.63,2.5,1,-1,1,1,1.0,97.96,100.0,0
APP10081,CIT10430,SCH002,2025-02-07,12221,0.0,4,Submitted,False,0,0,0,0,0,1.84,0.0,1,-1,1,1,1.0,100.0,100.0,3
APP10082,CIT10016,SCH004,2025-02-08,120871,0.0,5,Approved,False,0,0,1,0,0,3.5,100.0,1,-1,1,1,1.0,52.16,100.0,34
APP10083,CIT10398,SCH006,2025-02-08,107586,0.01,3,Approved,False,1,0,0,0,1,7.61,0.0,1,2,1,1,1.0,95.02,72.52,22
APP10084,CIT10265,SCH005,2025-02-09,26050,0.27,4,Approved,False,0,0,0,0,0,17.63,0.0,1,-1,1,1,1.0,93.23,100.0,5
APP10085,CIT10239,SCH011,2025-02-09,19439,1.0,5,Submitted,False,0,0,0,0,0,3.96,1.96,1,-1,1,0,1.0,96.99,97.22,0
APP10086,CIT10263,SCH006,2025-02-10,11785,0.0,5,Under Review,False,0,0,0,0,0,1.79,0.0,1,-1,1,1,1.0,100.0,100.0,0
APP10087,CIT10398,SCH003,2025-02-10,112833,0.01,4,Approved,True,1,0,0,1,0,3.1,0.0,2,2,2,2,1.0,97.8,68.94,24
APP10088,CIT10134,SCH005,2025-02-11,66841,0.2,5,Approved,False,0,0,0,0,0,0.35,0.0,1,-1,1,1,1.0,99.31,98.25,0
APP10089,CIT10213,SCH002,2025-02-11,17962,0.0,4,Submitted,False,0,0,0,0,0,0.51,0.0,1,-1,1,1,1.0,100.0,99.31,1
APP10090,CIT10015,SCH007,2025-02-12,54434,0.0,5,Under Review,False,0,0,0,0,0,2.67,0.0,1,-1,1,1,1.0,97.73,100.0,0
APP10091,CIT10436,SCH003,2025-02-12,12367,0.75,4,Approved,False,0,0,0,0,0,3.06,2.6,1,-1,1,1,1.0,99.37,98.62,0
APP10092,CIT10328,SCH001,2025-02-13,11703,3.01,4,Under Review,False,0,0,0,0,0,2.48,2.38,1,-1,1,1,1.0,99.11,99.15,3
APP10093,CIT10418,SCH008,2025-02-13,22715,0.2,3,Approved,False,0,0,0,0,0,3.8,0.0,1,-1,1,1,0.75,99.31,83.29,0
APP10094,CIT10360,SCH008,2025-02-14,100708,6.42,4,Under Review,False,0,0,1,0,1,0.71,935.48,1,-1,1,1,1.0,54.18,100.0,28
APP10095,CIT10129,SCH003,2025-02-14,81846,1.06,5,Approved,True,0,0,0,0,0,2.43,0.95,2,44,2,1,1.0,97.07,100.0,0
APP10096,CIT10352,SCH007,2025-02-15,109946,0.0,5,Submitted,False,0,0,0,0,0,2.63,0.0,1,-1,1,1,1.0,100.0,99.26,0
APP10097,CIT10122,SCH009,2025-02-15,115393,1.32,4,Approved,True,0,0,0,1,0,1.17,1.49,3,18,3,3,1.0,98.69,99.04,16
APP10098,CIT10241,SCH008,2025-02-16,197395,0.0,4,Submitted,False,0,0,0,0,0,0.08,0.0,1,-1,1,1,1.0,100.0,100.0,0
APP10099,CIT10115,SCH003,2025-02-16,18934,0.29,1,Under Review,False,1,0,0,0,1,0.48,3.33,1,2,1,1,0.25,98.44,25.56,39
APP10100,CIT10197,SCH002,2025-02-16,23123,4.79,2,Under Review,False,0,0,1,0,1,4.49,574.65,1,-1,1,1,0.5,53.23,71.16,47
APP10101,CIT10222,SCH010,2025-02-17,68938,0.0,4,Submitted,False,0,0,0,0,0,1.87,0.0,1,-1,1,0,1.0,99.04,97.56,6
APP10102,CIT10214,SCH007,2025-02-17,58182,0.96,2,Under Review,False,0,1,0,0,1,62.35,3.23,1,-1,1,1,0.5,72.23,72.73,48
APP10103,CIT10404,SCH007,2025-02-18,130496,0.22,3,Under Review,False,0,0,0,0,0,3.97,0.0,1,-1,1,1,0.75,96.23,85.05,1
APP10104,CIT10080,SCH009,2025-02-18,122149,0.66,3,Approved,True,0,0,0,1,0,3.33,1.54,2,20,2,2,1.0,99.23,100.0,0
APP10105,CIT10263,SCH005,2025-02-19,11641,0.0,2,Submitted,True,1,0,0,1,1,2.99,0.0,2,1,2,2,0.5,99.44,38.43,44
APP10106,CIT10135,SCH004,2025-02-19,32844,6.97,4,Approved,False,0,0,0,0,0,4.03,0.43,1,-1,1,1,1.0,97.24,100.0,0
APP10107,CIT10306,SCH008,2025-02-20,26961,1.74,5,Submitted,False,0,0,0,0,0,1.17,0.57,1,-1,1,1,1.0,100.0,100.0,2
APP10108,CIT10242,SCH004,2025-02-20,52131,0.68,3,Approved,False,0,0,0,0,0,1.29,1.49,1,-1,1,1,0.75,97.84,85.05,5
APP10109,CIT10386,SCH004,2025-02-21,76223,0.28,4,Submitted,False,0,0,0,0,0,16.12,3.45,1,-1,1,1,1.0,89.97,98.11,7
APP10110,CIT10303,SCH012,2025-02-21,90708,0.21,4,Approved,False,0,0,0,0,0,2.51,5.0,1,-1,1,1,1.0,97.19,100.0,2
APP10111,CIT10270,SCH012,2025-02-22,26600,0.0,4,Approved,True,0,0,0,1,0,2.86,0.0,2,18,2,2,1.0,98.22,99.68,0
APP10112,CIT10287,SCH002,2025-02-22,11541,0.0,4,Approved,False,0,0,0,0,0,3.82,0.0,1,-1,1,1,1.0,100.0,100.0,0
APP10113,CIT10050,SCH001,2025-02-23,12324,0.0,4,Submitted,False,0,0,0,0,0,2.7,0.0,1,-1,1,1,1.0,99.5,100.0,2
APP10114,CIT10189,SCH004,2025-02-23,11690,0.29,3,Submitted,False,0,0,0,0,0,2.58,3.33,1,-1,1,1,0.75,98.06,86.48,1
APP10115,CIT10297,SCH007,2025-02-24,37548,0.0,4,Submitted,False,0,0,0,0,0,0.5,0.0,1,-1,1,1,1.0,100.0,100.0,0
APP10116,CIT10014,SCH012,2025-02-24,11755,0.0,4,Under Review,False,0,0,0,0,0,2.04,0.0,1,-1,1,1,1.0,99.8,100.0,0
APP10117,CIT10389,SCH009,2025-02-25,66146,1.34,1,Under Review,False,0,0,0,0,1,14.52,6.35,1,-1,1,1,0.33,89.79,57.99,29
APP10118,CIT10459,SCH009,2025-02-25,259278,0.0,3,Submitted,False,0,0,0,0,0,3.47,0.0,1,-1,1,1,1.0,99.14,98.38,3
APP10119,CIT10232,SCH012,2025-02-25,40428,2.84,4,Under Review,False,0,0,0,0,0,2.98,12.7,1,-1,1,1,1.0,93.89,97.02,10
APP10120,CIT10261,SCH010,2025-02-26,100954,0.2,4,Approved,True,0,0,0,0,0,2.29,0.0,2,52,2,1,1.0,100.0,98.08,2
APP10121,CIT10192,SCH001,2025-02-26,70734,2.73,2,Submitted,True,1,0,0,1,1,2.23,3.8,2,1,2,2,0.5,95.98,37.38,39
APP10122,CIT10413,SCH005,2025-02-27,77429,0.0,4,Submitted,False,0,0,0,0,0,3.56,0.0,1,-1,1,1,1.0,96.58,97.04,0
APP10123,CIT10203,SCH007,2025-02-27,68273,0.48,3,Submitted,True,0,0,0,1,0,3.06,2.13,2,38,2,2,0.75,96.52,82.22,0
APP10124,CIT10261,SCH007,2025-02-28,95362,0.2,5,Approved,True,0,0,0,1,0,3.38,0.0,3,2,3,2,1.0,100.0,68.32,38
APP10125,CIT10113,SCH010,2025-02-28,20049,0.17,5,Under Review,True,0,0,0,0,0,1.9,0.0,2,53,1,0,1.0,98.31,100.0,4
APP10126,CIT10374,SCH006,2025-03-01,50992,0.75,4,Approved,False,0,0,0,0,0,2.23,0.0,1,-1,1,1,1.0,99.99,100.0,0
APP10127,CIT10352,SCH011,2025-03-01,115915,0.0,4,Under Review,True,0,0,0,0,0,2.65,0.0,2,14,2,1,1.0,100.0,98.03,4
APP10128,CIT10036,SCH010,2025-03-02,74796,0.5,5,Under Review,False,0,0,0,0,0,13.96,1.96,1,-1,1,0,1.0,91.57,99.17,9
APP10129,CIT10079,SCH004,2025-03-02,13756,0.8,4,Under Review,False,0,0,0,0,0,2.13,2.44,1,-1,1,1,1.0,96.95,99.0,6
APP10130,CIT10275,SCH003,2025-03-03,27607,1.63,3,Approved,True,0,1,0,1,1,55.99,0.61,2,28,2,2,0.75,75.31,82.05,19
APP10131,CIT10448,SCH012,2025-03-03,35961,0.0,5,Under Review,False,0,0,0,0,0,1.46,0.0,1,-1,1,1,1.0,98.01,98.59,1
APP10132,CIT10278,SCH009,2025-03-04,99298,0.13,5,Submitted,True,0,0,1,0,0,3.42,43.48,2,44,2,1,1.0,77.8,100.0,20
APP10133,CIT10162,SCH012,2025-03-04,29161,5.11,3,Approved,False,0,0,0,0,0,3.57,1.39,1,-1,1,1,0.75,97.97,84.8,3
APP10134,CIT10312,SCH010,2025-03-05,56301,1.15,5,Under Review,False,0,0,0,0,0,0.71,2.54,1,-1,1,0,1.0,98.77,100.0,0
APP10135,CIT10017,SCH004,2025-03-05,46202,0.69,2,Approved,False,0,0,0,0,1,2.3,1.43,3,1,1,1,0.5,97.33,39.25,50
APP10136,CIT10204,SCH008,2025-03-06,59325,0.75,4,Submitted,False,0,0,1,0,0,2.99,70.45,1,-1,1,1,1.0,67.67,100.0,27
APP10137,CIT10473,SCH001,2025-03-06,57171,0.0,4,Submitted,False,0,0,0,0,0,2.49,0.0,1,-1,1,1,1.0,97.64,100.0,2
APP10138,CIT10440,SCH007,2025-03-06,73092,0.0,4,Approved,False,0,0,0,0,0,5.17,0.0,1,-1,1,1,1.0,97.39,98.36,5
APP10139,CIT10017,SCH012,2025-03-07,24908,0.7,2,Rejected,True,1,1,0,1,1,47.33,0.0,2,2,2,2,0.5,79.82,38.89,64
APP10140,CIT10202,SCH006,2025-03-07,61925,0.0,4,Under Review,False,0,0,0,0,0,2.93,0.0,1,-1,1,1,1.0,96.77,100.0,0
APP10141,CIT10476,SCH012,2025-03-08,85302,7.17,4,Submitted,False,0,0,0,0,0,0.35,0.28,1,-1,1,1,1.0,97.93,100.0,0
APP10142,CIT10210,SCH001,2025-03-08,27228,0.69,4,Approved,False,0,0,0,0,0,0.07,28.87,1,-1,1,1,1.0,87.71,98.37,15
APP10143,CIT10499,SCH004,2025-03-09,11989,0.36,4,Under Review,False,0,0,0,0,0,0.09,2.7,1,-1,1,1,1.0,96.82,97.2,0
APP10144,CIT10402,SCH012,2025-03-09,12543,0.0,4,Approved,False,0,0,0,0,0,0.81,0.0,1,-1,1,1,1.0,97.8,100.0,5
APP10145,CIT10429,SCH005,2025-03-10,13754,0.0,4,Under Review,False,0,0,0,0,0,0.9,0.0,1,-1,1,1,1.0,100.0,100.0,5
APP10146,CIT10480,SCH011,2025-03-10,37582,0.31,4,Approved,False,0,0,0,0,0,1.14,0.0,1,-1,1,0,1.0,98.45,97.01,9
APP10147,CIT10078,SCH008,2025-03-11,109897,2.61,4,Under Review,False,0,0,0,0,0,2.39,9.21,1,-1,1,1,1.0,95.22,100.0,9
APP10148,CIT10056,SCH004,2025-03-11,18382,0.0,3,Approved,False,0,0,0,0,0,1.72,0.0,1,-1,1,1,0.75,97.33,82.54,0
APP10149,CIT10080,SCH003,2025-03-12,122383,0.66,4,Under Review,True,0,0,0,1,0,3.53,1.54,3,22,3,3,1.0,98.88,98.08,21
APP10150,CIT10306,SCH002,2025-03-12,27276,1.7,5,Submitted,True,0,0,0,1,0,2.35,2.86,2,20,2,2,1.0,96.33,100.0,0
APP10151,CIT10058,SCH004,2025-03-13,53967,1.45,3,Approved,False,0,0,0,0,0,1.93,0.0,1,-1,1,1,0.75,99.37,83.48,0
APP10152,CIT10018,SCH011,2025-03-13,32525,0.0,3,Submitted,True,0,0,0,0,0,2.79,0.0,2,46,2,1,0.75,97.59,85.34,0
APP10153,CIT10208,SCH010,2025-03-14,165180,2.46,5,Submitted,False,0,0,0,0,0,2.23,2.5,1,-1,1,0,1.0,99.83,100.0,6
APP10154,CIT10465,SCH004,2025-03-14,95373,0.18,5,Approved,False,0,0,0,0,0,1.46,0.0,1,-1,1,1,1.0,98.09,100.0,0
APP10155,CIT10135,SCH010,2025-03-15,36155,6.77,4,Approved,True,0,0,0,0,0,5.65,2.45,2,24,2,1,1.0,98.33,100.0,4
APP10156,CIT10332,SCH005,2025-03-15,11036,0.0,3,Under Review,False,0,0,0,0,0,8.03,0.0,1,-1,1,1,0.75,96.69,83.97,1
APP10157,CIT10482,SCH007,2025-03-15,56703,0.0,2,Approved,True,1,0,0,0,1,7.11,0.0,2,1,2,1,0.5,95.15,40.55,50
APP10158,CIT10010,SCH009,2025-03-16,84289,0.0,5,Approved,False,0,0,0,0,0,2.51,0.0,1,-1,1,1,1.0,100.0,99.43,7
APP10159,CIT10069,SCH002,2025-03-16,43254,1.48,4,Approved,False,0,0,0,0,0,5.22,1.33,1,-1,1,1,1.0,97.89,97.51,4
APP10160,CIT10341,SCH005,2025-03-17,135904,0.0,5,Approved,False,0,0,0,0,0,1.98,0.0,1,-1,1,1,1.0,100.0,100.0,4
APP10161,CIT10387,SCH011,2025-03-17,42898,0.2,3,Submitted,False,0,0,0,0,0,16.77,0.0,1,-1,1,0,0.75,92.04,83.63,7
APP10162,CIT10083,SCH010,2025-03-18,12086,0.0,1,Approved,False,0,0,0,0,1,14.73,0.0,1,-1,1,0,0.33,93.73,58.33,31
APP10163,CIT10109,SCH009,2025-03-18,10219,0.27,2,Under Review,False,0,1,0,0,1,71.35,3.85,1,-1,1,1,0.67,66.56,78.65,23
APP10164,CIT10044,SCH012,2025-03-19,46934,1.01,1,Approved,False,0,1,0,0,1,63.59,0.98,1,-1,1,1,0.25,71.69,57.96,57
APP10165,CIT10483,SCH003,2025-03-19,40436,0.0,4,Submitted,True,0,0,0,1,0,1.9,0.0,2,57,2,2,1.0,97.79,99.56,0
APP10166,CIT10454,SCH001,2025-03-20,120860,0.0,4,Submitted,False,0,0,0,0,0,0.25,0.0,1,-1,1,1,1.0,100.0,97.58,3
APP10167,CIT10398,SCH002,2025-03-20,115588,0.01,4,Approved,True,0,0,0,1,0,0.73,0.0,3,38,3,3,1.0,100.0,100.0,14
APP10168,CIT10132,SCH006,2025-03-21,36054,0.0,4,Under Review,False,0,0,0,0,0,0.94,0.0,1,-1,1,1,1.0,100.0,100.0,0
APP10169,CIT10493,SCH005,2025-03-21,12432,0.0,4,Approved,False,0,0,0,0,0,3.6,0.0,1,-1,1,1,1.0,96.79,98.52,1
APP10170,CIT10499,SCH001,2025-03-22,10723,0.38,5,Under Review,True,0,0,0,1,0,10.64,2.7,2,13,2,2,1.0,93.17,100.0,12
APP10171,CIT10018,SCH001,2025-03-22,30430,0.0,3,Approved,True,1,0,0,1,1,9.05,0.0,6,2,3,2,0.75,97.28,55.09,41
APP10172,CIT10093,SCH011,2025-03-23,11030,0.0,1,Approved,False,0,0,0,0,1,8.08,0.0,1,-1,1,0,0.25,96.68,57.33,35
APP10173,CIT10483,SCH004,2025-03-23,39514,0.0,4,Submitted,True,0,0,0,1,0,0.43,0.0,3,4,3,3,1.0,98.38,100.0,14
APP10174,CIT10436,SCH012,2025-03-24,5892,0.78,2,Submitted,True,0,1,0,1,1,50.9,1.3,2,40,2,2,0.5,78.09,67.42,46
APP10175,CIT10294,SCH004,2025-03-24,37919,7.53,4,Submitted,False,0,0,0,0,0,0.57,2.08,1,-1,1,1,1.0,97.18,98.27,2
APP10176,CIT10464,SCH006,2025-03-25,207789,0.0,5,Under Review,False,0,0,0,0,0,2.61,0.0,1,-1,1,1,1.0,99.84,100.0,0
APP10177,CIT10148,SCH006,2025-03-25,88791,0.0,3,Approved,False,0,0,0,0,0,1.81,0.0,1,-1,1,1,1.0,100.0,100.0,2
APP10178,CIT10472,SCH010,2025-03-25,14618,0.22,5,Submitted,False,0,0,0,0,0,0.16,0.0,1,-1,1,0,1.0,100.0,100.0,2
APP10179,CIT10483,SCH006,2025-03-26,9509,0.0,2,Under Review,True,0,1,0,1,1,76.04,0.0,4,3,4,4,0.67,64.92,52.96,60
APP10180,CIT10172,SCH001,2025-03-26,211085,2.91,2,Under Review,False,0,0,1,0,1,3.81,291.0,1,-1,1,1,0.5,53.66,68.14,60
APP10181,CIT10051,SCH010,2025-03-27,43133,0.19,3,Approved,False,0,0,0,0,0,0.81,5.0,1,-1,1,0,1.0,97.99,99.92,0
APP10182,CIT10019,SCH009,2025-03-27,13992,0.0,5,Submitted,False,0,0,0,0,0,0.77,0.0,1,-1,1,1,1.0,100.0,98.53,0
APP10183,CIT10120,SCH011,2025-03-28,52790,0.0,4,Under Review,False,0,0,0,0,0,16.75,0.0,1,-1,1,0,1.0,91.87,98.3,10
APP10184,CIT10324,SCH007,2025-03-28,109511,0.0,4,Approved,False,0,0,1,0,0,3.88,100.0,1,-1,1,1,1.0,54.51,100.0,33
APP10185,CIT10225,SCH007,2025-03-29,28743,7.75,3,Submitted,False,0,0,0,0,0,0.19,2.88,1,-1,1,1,0.75,99.13,82.44,0
APP10186,CIT10066,SCH011,2025-03-29,103615,0.0,4,Approved,False,0,0,0,0,0,11.1,0.0,1,-1,1,0,1.0,94.54,100.0,0
APP10187,CIT10141,SCH007,2025-03-30,59115,2.06,5,Approved,False,0,0,0,0,0,0.75,1.48,1,-1,1,1,1.0,99.05,99.84,3
APP10188,CIT10446,SCH002,2025-03-30,128904,0.0,4,Submitted,False,0,0,0,0,0,1.4,0.0,1,-1,1,1,1.0,98.09,99.08,5
APP10189,CIT10189,SCH002,2025-03-31,11699,0.31,4,Approved,True,0,0,0,1,0,2.51,3.33,2,36,2,2,1.0,96.12,99.73,9
APP10190,CIT10493,SCH006,2025-03-31,12178,0.0,4,Approved,True,0,0,0,1,0,1.48,0.0,2,10,2,2,1.0,100.0,100.0,3
APP10191,CIT10158,SCH007,2025-04-01,35387,0.0,4,Under Review,False,0,0,0,0,0,1.59,0.0,1,-1,1,1,1.0,100.0,98.78,7
APP10192,CIT10098,SCH003,2025-04-01,56242,0.0,3,Submitted,False,0,0,0,0,0,3.12,0.0,1,-1,1,1,0.75,98.76,83.69,0
APP10193,CIT10158,SCH004,2025-04-02,36869,0.0,4,Submitted,True,1,0,0,1,0,5.85,0.0,2,1,2,2,1.0,98.06,71.38,17
APP10194,CIT10435,SCH012,2025-04-02,144249,0.0,4,Approved,False,0,0,0,0,0,3.77,0.0,1,-1,1,1,1.0,99.12,98.85,0
APP10195,CIT10246,SCH003,2025-04-03,234315,0.0,4,Submitted,False,0,0,0,0,0,1.64,0.0,1,-1,1,1,1.0,99.81,100.0,0
APP10196,CIT10344,SCH007,2025-04-03,20609,0.4,2,Submitted,False,0,1,0,0,1,57.62,2.56,1,-1,1,1,0.5,71.6,71.54,53
APP10197,CIT10432,SCH007,2025-04-03,50767,0.6,2,Approved,False,0,1,0,0,1,55.06,3.23,1,-1,1,1,0.5,73.66,68.86,49
APP10198,CIT10236,SCH004,2025-04-04,12263,5.18,5,Submitted,False,0,0,0,0,0,2.19,2.78,1,-1,1,1,1.0,99.49,100.0,5
APP10199,CIT10033,SCH007,2025-04-04,290490,0.0,4,Approved,False,0,0,0,0,0,6.65,0.0,1,-1,1,1,1.0,96.74,99.75,0
APP10200,CIT10361,SCH005,2025-04-05,49649,5.09,5,Approved,False,0,0,0,0,0,0.64,0.2,1,-1,1,1,1.0,98.02,97.42,2
APP10201,CIT10241,SCH001,2025-04-05,203357,0.0,5,Approved,True,0,0,0,1,0,3.11,0.0,2,48,2,2,1.0,99.17,99.75,0
APP10202,CIT10330,SCH010,2025-04-06,174327,0.35,5,Approved,False,0,0,0,0,0,16.14,0.0,1,-1,1,0,1.0,92.29,97.71,6
APP10203,CIT10338,SCH004,2025-04-06,172408,0.0,4,Submitted,False,0,0,0,0,0,0.15,0.0,1,-1,1,1,1.0,97.97,97.01,0
APP10204,CIT10275,SCH007,2025-04-07,60141,1.7,4,Approved,True,0,0,0,1,1,4.13,3.66,3,35,5,5,1.0,98.25,98.63,12
APP10205,CIT10071,SCH002,2025-04-07,11936,0.0,3,Approved,False,0,0,0,0,0,0.53,0.0,1,-1,1,1,0.75,100.0,84.55,0
APP10206,CIT10313,SCH002,2025-04-08,23127,0.0,2,Approved,False,0,0,0,0,1,0.6,0.0,1,-1,1,1,0.5,100.0,68.79,25
APP10207,CIT10403,SCH001,2025-04-08,160628,0.0,3,Under Review,False,0,0,0,0,0,1.84,0.0,1,-1,1,1,0.75,100.0,83.83,0
APP10208,CIT10216,SCH002,2025-04-09,11863,0.06,3,Under Review,False,0,0,0,0,0,1.14,0.0,1,-1,1,1,0.75,99.44,86.79,4
APP10209,CIT10079,SCH010,2025-04-09,13998,0.8,5,Approved,True,0,0,0,0,0,0.41,2.44,2,38,2,1,1.0,99.83,98.47,2
APP10210,CIT10169,SCH008,2025-04-10,17581,1.49,3,Submitted,True,0,1,0,1,1,77.72,2.05,2,69,2,2,0.75,65.36,82.03,39
APP10211,CIT10298,SCH011,2025-04-10,10623,0.0,3,Submitted,False,0,0,0,0,0,11.47,0.0,1,-1,1,0,0.75,93.58,83.23,5
APP10212,CIT10471,SCH008,2025-04-11,33721,0.0,5,Approved,False,0,0,0,0,0,1.23,0.0,1,-1,1,1,1.0,97.95,97.29,5
APP10213,CIT10180,SCH008,2025-04-11,28014,0.0,3,Submitted,False,0,0,0,0,0,1.03,0.0,1,-1,1,1,0.75,98.07,82.68,8
APP10214,CIT10116,SCH001,2025-04-12,52694,0.2,4,Submitted,False,0,0,0,0,0,0.63,0.0,1,-1,1,1,1.0,99.01,98.1,0
APP10215,CIT10260,SCH001,2025-04-12,51808,1.86,3,Submitted,False,0,0,0,0,0,0.35,1.06,1,-1,1,1,0.75,99.08,87.9,0
APP10216,CIT10486,SCH012,2025-04-12,116564,1.19,5,Approved,False,0,0,0,0,0,3.62,0.85,1,-1,1,1,1.0,96.29,99.78,3
APP10217,CIT10260,SCH010,2025-04-13,53340,1.9,4,Submitted,True,1,0,0,0,0,2.6,1.06,2,1,2,1,1.0,96.5,72.61,24
APP10218,CIT10005,SCH004,2025-04-13,231842,0.0,1,Under Review,False,0,0,0,0,1,10.1,0.0,1,-1,1,1,0.25,94.92,53.82,30
APP10219,CIT10297,SCH006,2025-04-14,36323,0.0,3,Approved,True,0,0,0,1,0,3.75,0.0,2,49,2,2,1.0,98.03,97.38,0
APP10220,CIT10108,SCH008,2025-04-14,16131,0.0,4,Under Review,True,0,0,0,1,0,16.55,0.0,2,91,2,2,1.0,92.77,100.0,1
APP10221,CIT10343,SCH002,2025-04-15,315236,0.0,5,Submitted,False,0,0,0,0,0,0.97,0.0,1,-1,1,1,1.0,99.72,100.0,3
APP10222,CIT10360,SCH003,2025-04-15,103110,0.66,3,Approved,True,0,0,0,1,0,1.65,6.45,2,60,2,2,0.75,98.34,87.38,2
APP10223,CIT10117,SCH006,2025-04-16,69495,1.28,3,Under Review,True,0,0,0,1,0,1.28,0.78,3,72,3,2,1.0,100.0,99.09,18
APP10224,CIT10357,SCH010,2025-04-16,61021,3.42,3,Submitted,False,0,0,0,0,0,0.35,2.4,1,-1,1,0,1.0,98.66,100.0,0
APP10225,CIT10445,SCH004,2025-04-17,39649,0.0,2,Submitted,False,0,0,0,1,1,3.78,0.0,1,-1,4,3,0.5,96.46,72.91,36
APP10226,CIT10331,SCH012,2025-04-17,65304,4.1,5,Approved,False,0,0,0,0,0,0.68,2.24,1,-1,1,1,1.0,97.03,100.0,3
APP10227,CIT10439,SCH002,2025-04-18,11724,2.95,3,Under Review,True,0,0,0,1,0,2.3,1.72,2,88,2,2,0.75,97.84,82.44,0
APP10228,CIT10331,SCH007,2025-04-18,59214,3.87,2,Approved,True,1,0,0,1,1,8.71,3.49,2,1,2,2,0.5,95.5,38.31,50
APP10229,CIT10013,SCH004,2025-04-19,103786,0.0,3,Under Review,False,0,0,0,0,0,0.39,0.0,1,-1,1,1,0.75,99.92,82.2,0
APP10230,CIT10142,SCH008,2025-04-19,93205,0.0,5,Under Review,False,0,0,0,0,0,3.46,0.0,1,-1,1,1,1.0,96.86,98.39,0
APP10231,CIT10188,SCH008,2025-04-20,59101,0.49,5,Submitted,False,0,0,0,0,0,0.53,2.08,1,-1,1,1,1.0,97.66,99.98,0
APP10232,CIT10456,SCH007,2025-04-20,13155,0.13,5,Under Review,True,0,0,0,0,0,2.61,0.0,2,87,1,1,1.0,97.07,99.93,0
APP10233,CIT10281,SCH010,2025-04-21,156629,0.0,3,Under Review,True,0,0,0,0,0,1.38,0.0,2,94,2,1,1.0,98.52,99.5,2
APP10234,CIT10466,SCH009,2025-04-21,78409,0.0,3,Under Review,False,0,0,0,0,0,0.53,0.0,1,-1,1,1,1.0,100.0,100.0,0
APP10235,CIT10115,SCH004,2025-04-21,18151,0.29,4,Submitted,True,0,0,0,1,0,3.67,3.33,2,64,2,2,1.0,98.16,99.71,0
APP10236,CIT10428,SCH007,2025-04-22,101434,0.0,5,Approved,False,0,0,0,0,0,2.17,0.0,1,-1,1,1,1.0,99.15,100.0,0
APP10237,CIT10236,SCH010,2025-04-22,11730,4.9,4,Under Review,True,0,0,0,0,0,2.25,2.78,2,18,2,1,1.0,97.41,100.0,0
APP10238,CIT10338,SCH010,2025-04-23,173411,0.19,5,Approved,True,0,0,0,0,0,0.73,19.0,2,17,2,1,1.0,92.4,100.0,11
APP10239,CIT10010,SCH012,2025-04-23,85452,0.0,3,Approved,True,0,0,0,1,0,3.93,0.0,2,38,2,2,0.75,97.32,86.61,1
APP10240,CIT10199,SCH001,2025-04-24,12013,0.2,5,Submitted,False,0,0,0,0,0,0.11,0.0,1,-1,1,1,1.0,100.0,100.0,4
APP10241,CIT10252,SCH004,2025-04-24,67104,0.58,4,Under Review,False,0,0,0,0,0,0.06,1.69,1,-1,1,1,1.0,100.0,99.79,1
APP10242,CIT10050,SCH002,2025-04-25,12149,0.0,5,Submitted,True,0,0,0,1,0,1.24,0.0,2,61,2,2,1.0,98.2,100.0,0
APP10243,CIT10428,SCH009,2025-04-25,100381,0.0,5,Submitted,True,0,0,0,1,0,1.11,0.0,2,3,2,2,1.0,99.97,71.72,22
APP10244,CIT10142,SCH005,2025-04-26,92412,0.0,4,Approved,True,0,0,0,1,0,2.58,0.0,2,7,2,2,1.0,98.32,100.0,6
APP10245,CIT10271,SCH003,2025-04-26,46783,3.79,4,Under Review,False,0,0,0,0,0,3.87,1.61,1,-1,1,1,1.0,97.68,97.82,2
APP10246,CIT10016,SCH004,2025-04-27,128236,0.2,3,Approved,True,1,0,0,0,1,2.38,0.0,2,1,1,1,0.75,97.77,55.76,21
APP10247,CIT10002,SCH006,2025-04-27,37652,5.23,3,Submitted,False,0,0,1,0,1,4.58,523.0,1,-1,1,1,1.0,53.18,100.0,29
APP10248,CIT10158,SCH010,2025-04-28,36230,0.0,3,Submitted,True,0,0,0,1,1,4.01,0.0,3,26,6,4,1.0,99.57,100.0,11
APP10249,CIT10030,SCH001,2025-04-28,39342,2.65,2,Submitted,False,1,0,0,0,1,7.85,1.15,4,2,1,1,0.5,95.36,41.01,52
APP10250,CIT10082,SCH007,2025-04-29,20407,1.0,4,Approved,False,0,0,0,0,0,3.73,2.04,1,-1,1,1,1.0,97.9,100.0,0
APP10251,CIT10031,SCH008,2025-04-29,68638,4.91,4,Submitted,True,0,0,0,0,0,3.86,0.81,2,107,1,1,1.0,97.0,100.0,1
APP10252,CIT10236,SCH007,2025-04-30,12106,4.84,1,Rejected,True,1,0,0,1,1,0.88,3.97,3,0,3,2,0.25,98.52,25.25,65
APP10253,CIT10496,SCH007,2025-04-30,110452,0.0,4,Submitted,False,0,0,0,0,0,3.09,0.0,1,-1,1,1,1.0,97.03,100.0,0
APP10254,CIT10333,SCH009,2025-05-01,111465,0.0,4,Approved,False,0,0,0,0,0,0.3,0.0,1,-1,1,1,1.0,100.0,100.0,0
APP10255,CIT10148,SCH004,2025-05-01,94285,3.91,3,Submitted,True,0,0,1,1,1,4.26,391.0,2,37,2,2,0.75,55.01,83.2,30
APP10256,CIT10177,SCH007,2025-05-01,31692,0.65,5,Approved,False,0,0,0,0,0,0.22,1.56,1,-1,1,1,1.0,98.26,97.1,5
APP10257,CIT10370,SCH009,2025-05-02,14728,0.0,5,Approved,False,0,0,0,0,0,0.64,0.0,1,-1,1,1,1.0,99.86,97.52,0
APP10258,CIT10035,SCH005,2025-05-02,58560,4.61,5,Approved,False,0,0,0,0,0,1.04,1.71,1,-1,1,1,1.0,97.92,98.12,7
APP10259,CIT10023,SCH002,2025-05-03,87246,3.96,4,Approved,False,0,0,0,0,0,2.88,1.28,1,-1,1,1,1.0,99.44,100.0,0
APP10260,CIT10106,SCH005,2025-05-03,54345,0.0,4,Submitted,True,0,0,0,1,0,0.01,0.0,3,98,3,3,1.0,99.78,99.18,15
APP10261,CIT10097,SCH004,2025-05-04,81099,4.07,2,Under Review,False,0,0,1,0,1,2.21,407.0,1,-1,1,1,0.5,54.04,71.15,54
APP10262,CIT10230,SCH008,2025-05-04,55788,0.0,5,Submitted,False,0,0,0,0,0,0.15,0.0,1,-1,1,1,1.0,99.67,99.51,0
APP10263,CIT10227,SCH005,2025-05-05,108250,0.0,5,Under Review,False,0,0,0,0,0,2.16,0.0,1,-1,1,1,1.0,98.49,100.0,3
APP10264,CIT10371,SCH009,2025-05-05,209934,0.0,4,Approved,False,0,0,0,0,0,1.84,0.0,1,-1,1,1,1.0,100.0,100.0,4
APP10265,CIT10100,SCH009,2025-05-06,12143,0.0,3,Submitted,False,0,0,0,0,0,3.02,0.0,1,-1,1,1,1.0,99.34,99.49,8
APP10266,CIT10445,SCH003,2025-05-06,37946,0.0,5,Submitted,True,0,0,0,1,0,0.68,0.0,2,19,2,2,1.0,100.0,97.14,1
APP10267,CIT10468,SCH010,2025-05-07,73163,0.0,5,Approved,False,0,0,0,0,0,0.63,0.0,1,-1,1,0,1.0,99.47,97.45,2
APP10268,CIT10055,SCH006,2025-05-07,131702,1.6,3,Submitted,False,0,0,0,0,0,0.26,16.79,1,-1,1,1,1.0,90.6,100.0,1
APP10269,CIT10195,SCH006,2025-05-08,11333,0.72,2,Submitted,False,0,1,0,0,1,54.96,2.86,1,-1,1,1,0.67,74.01,77.4,22
APP10270,CIT10008,SCH004,2025-05-08,205177,2.42,3,Approved,False,0,0,0,0,0,1.92,0.82,1,-1,1,1,0.75,99.89,84.18,1
APP10271,CIT10424,SCH011,2025-05-09,104290,3.36,5,Under Review,False,0,0,0,0,0,0.28,1.47,1,-1,1,0,1.0,99.04,97.77,7
APP10272,CIT10315,SCH010,2025-05-09,22879,0.28,2,Submitted,False,1,0,0,0,1,0.98,0.0,1,0,1,0,0.67,100.0,52.2,16
APP10273,CIT10128,SCH003,2025-05-10,18268,0.04,5,Under Review,False,0,0,0,0,0,3.67,0.0,1,-1,1,1,1.0,98.39,100.0,7
APP10274,CIT10032,SCH001,2025-05-10,126369,0.0,5,Submitted,False,0,0,0,0,0,2.38,0.0,1,-1,1,1,1.0,98.26,97.8,3
APP10275,CIT10093,SCH012,2025-05-10,12421,0.0,4,Approved,True,0,0,0,0,0,3.51,0.0,2,48,2,1,1.0,99.87,100.0,5
APP10276,CIT10007,SCH007,2025-05-11,194068,0.0,5,Submitted,False,0,0,0,0,0,2.04,0.0,1,-1,1,1,1.0,99.63,100.0,0
APP10277,CIT10258,SCH005,2025-05-11,12010,0.0,3,Under Review,False,0,0,0,0,0,0.08,0.0,1,-1,1,1,0.75,99.23,87.33,0
APP10278,CIT10341,SCH010,2025-05-12,139189,0.0,5,Submitted,True,0,0,0,0,0,0.39,0.0,2,56,2,1,1.0,100.0,97.27,0
APP10279,CIT10390,SCH007,2025-05-12,37191,0.0,4,Approved,False,0,0,0,0,0,3.37,0.0,1,-1,1,1,1.0,97.51,100.0,6
APP10280,CIT10220,SCH001,2025-05-13,174914,0.0,3,Approved,False,0,0,0,0,0,3.92,0.0,1,-1,1,1,0.75,99.08,86.98,5
APP10281,CIT10240,SCH008,2025-05-13,67950,8.83,4,Submitted,True,0,0,0,1,0,3.4,0.23,2,124,2,2,1.0,97.45,100.0,2
APP10282,CIT10106,SCH003,2025-05-14,55111,0.0,5,Submitted,True,0,0,0,1,0,1.42,0.0,4,11,3,3,1.0,98.29,97.52,18
APP10283,CIT10036,SCH007,2025-05-14,88782,0.51,4,Submitted,True,0,0,0,0,0,2.13,0.0,2,73,2,1,1.0,97.25,100.0,0
APP10284,CIT10416,SCH012,2025-05-15,60624,2.35,1,Approved,False,1,0,0,0,1,5.85,3.69,1,1,1,1,0.25,94.31,22.55,47
APP10285,CIT10045,SCH003,2025-05-15,11310,4.43,1,Submitted,False,1,0,0,0,1,5.75,4.48,1,2,1,1,0.25,96.13,24.11,48
APP10286,CIT10298,SCH003,2025-05-16,12385,0.0,4,Under Review,True,0,0,0,0,0,3.21,0.0,2,36,2,1,1.0,100.0,99.84,0
APP10287,CIT10309,SCH010,2025-05-16,82115,4.5,4,Approved,False,0,0,0,0,0,1.08,2.74,1,-1,1,0,1.0,96.83,100.0,2
APP10288,CIT10366,SCH009,2025-05-17,75132,2.49,3,Under Review,False,0,0,0,0,0,3.21,0.4,1,-1,1,1,1.0,99.62,98.35,0
APP10289,CIT10009,SCH002,2025-05-17,19136,0.28,4,Approved,False,0,0,0,0,0,3.45,0.0,1,-1,1,1,1.0,100.0,99.51,2
APP10290,CIT10459,SCH004,2025-05-18,242466,4.13,2,Approved,True,0,0,1,1,1,3.24,413.0,2,82,2,2,0.5,53.31,69.12,59
APP10291,CIT10087,SCH006,2025-05-18,134976,0.0,5,Approved,False,0,0,0,0,0,1.94,0.0,1,-1,1,1,1.0,98.58,100.0,0
APP10292,CIT10370,SCH003,2025-05-19,15142,0.0,3,Submitted,True,0,0,0,1,0,3.46,0.0,2,17,2,2,0.75,100.0,82.49,0
APP10293,CIT10331,SCH012,2025-05-19,62123,8.9,3,Under Review,True,0,0,1,1,1,4.22,121.95,3,31,2,2,0.75,52.59,86.46,35
APP10294,CIT10177,SCH010,2025-05-19,31587,0.65,4,Approved,True,0,0,0,0,0,0.55,1.56,2,18,2,1,1.0,99.99,98.98,0
APP10295,CIT10130,SCH010,2025-05-20,49335,0.74,4,Approved,False,0,0,0,0,0,0.91,2.78,1,-1,1,0,1.0,99.56,100.0,0
APP10296,CIT10195,SCH007,2025-05-20,25834,5.45,3,Submitted,True,0,0,1,1,1,2.67,678.57,2,12,2,2,0.75,52.46,83.69,24
APP10297,CIT10011,SCH007,2025-05-21,20000,0.0,1,Submitted,True,0,1,0,0,1,53.09,0.0,2,132,1,1,0.25,74.92,55.36,47
APP10298,CIT10306,SCH005,2025-05-21,27483,1.73,4,Submitted,True,0,0,0,1,0,3.13,1.14,3,70,3,3,1.0,96.44,97.06,16
APP10299,CIT10419,SCH003,2025-05-22,42745,0.53,3,Approved,False,0,0,0,0,0,3.96,0.0,1,-1,1,1,0.75,99.95,83.75,1
APP10300,CIT10122,SCH002,2025-05-22,114048,1.32,4,Under Review,True,0,0,0,1,0,2.33,1.49,4,96,4,4,1.0,99.62,100.0,18
APP10301,CIT10399,SCH004,2025-05-23,39242,0.04,4,Under Review,True,0,0,0,1,0,3.24,4.0,2,107,2,2,1.0,96.84,100.0,2
APP10302,CIT10235,SCH004,2025-05-23,33770,0.0,5,Submitted,False,0,0,0,0,0,3.69,0.0,1,-1,1,1,1.0,99.91,99.5,0
APP10303,CIT10331,SCH011,2025-05-24,64149,3.97,4,Approved,True,0,0,0,1,0,1.1,1.0,4,5,3,2,1.0,98.32,100.0,22
APP10304,CIT10031,SCH008,2025-05-24,68391,4.84,4,Submitted,True,0,0,0,0,0,3.48,2.22,3,25,1,1,1.0,98.05,100.0,1
APP10305,CIT10348,SCH008,2025-05-25,31495,7.14,4,Approved,False,0,0,0,1,1,4.13,0.97,1,-1,4,3,1.0,99.37,98.4,19
APP10306,CIT10446,SCH005,2025-05-25,129241,0.0,4,Approved,True,0,0,0,1,0,1.15,0.0,2,56,2,2,1.0,98.98,99.36,0
APP10307,CIT10412,SCH006,2025-05-26,267990,0.39,4,Submitted,False,0,0,0,0,0,3.79,0.0,1,-1,1,1,1.0,99.87,100.0,2
APP10308,CIT10224,SCH008,2025-05-26,182590,3.89,4,Under Review,False,0,0,0,0,0,16.67,2.1,1,-1,1,1,1.0,92.08,100.0,0
APP10309,CIT10153,SCH001,2025-05-27,169719,0.0,4,Submitted,False,0,0,0,0,0,0.34,0.0,1,-1,1,1,1.0,99.0,100.0,3
APP10310,CIT10212,SCH005,2025-05-27,135620,0.3,4,Submitted,False,0,0,0,0,0,0.12,0.0,1,-1,1,1,1.0,100.0,100.0,0
APP10311,CIT10092,SCH004,2025-05-28,140455,0.0,4,Submitted,False,0,0,0,0,0,1.11,0.0,1,-1,1,1,1.0,98.8,100.0,0
APP10312,CIT10409,SCH004,2025-05-28,304254,0.0,3,Under Review,False,0,0,0,0,0,1.29,0.0,1,-1,1,1,0.75,97.99,87.93,1
APP10313,CIT10331,SCH011,2025-05-28,61573,4.08,3,Under Review,True,0,0,0,1,1,5.07,1.75,5,4,6,5,0.75,95.79,85.75,19
APP10314,CIT10467,SCH002,2025-05-29,99550,0.0,5,Submitted,False,0,0,0,0,0,1.39,0.0,1,-1,1,1,1.0,98.43,100.0,3
APP10315,CIT10348,SCH010,2025-05-29,29713,7.27,4,Submitted,True,0,0,0,0,0,1.76,0.83,2,4,2,1,1.0,98.53,100.0,0
APP10316,CIT10129,SCH001,2025-05-30,86718,1.06,5,Under Review,True,0,0,0,1,0,3.38,0.95,3,105,3,2,1.0,99.37,100.0,16
APP10317,CIT10443,SCH006,2025-05-30,122159,0.0,4,Under Review,False,0,0,0,0,0,2.84,0.0,1,-1,1,1,1.0,98.32,100.0,0
APP10318,CIT10197,SCH007,2025-05-31,24208,0.72,4,Under Review,True,0,0,0,1,0,0.01,1.41,2,104,2,2,1.0,99.11,100.0,1
APP10319,CIT10458,SCH005,2025-05-31,14622,0.19,1,Under Review,False,0,1,0,0,1,60.55,5.0,1,-1,1,1,0.25,69.89,52.26,45
APP10320,CIT10042,SCH008,2025-06-01,12349,5.58,3,Under Review,False,0,0,1,0,1,2.91,878.95,1,-1,1,1,0.75,52.06,85.71,34
APP10321,CIT10366,SCH009,2025-06-01,67540,2.68,1,Approved,True,0,0,0,0,1,12.99,7.2,2,15,1,1,0.33,90.38,60.06,33
APP10322,CIT10418,SCH011,2025-06-02,22225,0.2,5,Under Review,True,0,0,0,0,0,1.56,0.0,2,109,2,1,1.0,97.44,98.95,1
APP10323,CIT10228,SCH011,2025-06-02,50933,0.61,5,Under Review,False,0,0,0,0,0,2.15,1.61,1,-1,1,0,1.0,99.12,100.0,2
APP10324,CIT10194,SCH002,2025-06-03,31021,1.25,4,Approved,True,0,0,0,0,0,2.0,0.79,2,139,2,1,1.0,100.0,100.0,0
APP10325,CIT10018,SCH011,2025-06-03,34482,0.0,4,Under Review,True,0,0,0,1,0,3.06,0.0,4,73,3,2,1.0,98.58,97.54,17
APP10326,CIT10333,SCH004,2025-06-04,22506,0.0,2,Under Review,True,0,1,0,1,1,79.75,0.0,2,34,2,2,0.5,64.27,72.52,64
APP10327,CIT10243,SCH011,2025-06-04,40567,0.72,4,Submitted,True,0,0,0,0,0,0.32,1.37,2,142,2,1,1.0,98.94,100.0,2
APP10328,CIT10389,SCH009,2025-06-05,61324,1.24,1,Submitted,True,1,0,0,0,1,6.18,1.59,2,1,1,1,0.33,96.74,31.52,53
APP10329,CIT10276,SCH005,2025-06-05,61379,0.0,5,Submitted,True,0,0,0,0,0,1.69,0.0,2,132,2,1,1.0,100.0,100.0,0
APP10330,CIT10450,SCH003,2025-06-06,18850,0.0,5,Submitted,False,0,0,0,0,0,2.17,0.0,1,-1,1,1,1.0,100.0,100.0,0
APP10331,CIT10127,SCH006,2025-06-06,12044,0.09,4,Under Review,True,0,0,0,1,0,0.37,0.0,2,122,2,2,1.0,100.0,100.0,6
APP10332,CIT10075,SCH003,2025-06-07,64313,0.0,4,Under Review,False,0,0,0,0,0,3.56,0.0,1,-1,1,1,1.0,97.07,99.37,7
APP10333,CIT10062,SCH005,2025-06-07,14818,4.92,4,Under Review,False,0,0,0,0,0,2.38,1.2,1,-1,1,1,1.0,97.14,100.0,0
APP10334,CIT10478,SCH003,2025-06-07,47052,5.57,3,Approved,False,0,1,0,0,1,46.6,1.83,1,-1,1,1,0.75,76.5,87.37,27
APP10335,CIT10480,SCH006,2025-06-08,34480,0.31,3,Under Review,True,1,0,0,0,1,7.21,0.0,2,1,2,1,1.0,96.35,68.24,20
APP10336,CIT10288,SCH012,2025-06-08,51644,6.01,2,Rejected,False,0,0,1,0,1,2.92,213.02,1,-1,1,1,0.5,51.81,70.94,62
APP10337,CIT10186,SCH010,2025-06-09,69961,5.87,4,Approved,False,0,0,1,0,1,3.71,587.0,1,-1,1,0,1.0,52.14,99.05,35
APP10338,CIT10178,SCH005,2025-06-09,33009,0.0,4,Submitted,False,0,0,0,0,0,1.88,0.0,1,-1,1,1,1.0,99.88,100.0,7
APP10339,CIT10166,SCH009,2025-06-10,75654,2.14,5,Approved,False,0,0,0,0,0,1.53,1.42,1,-1,1,1,1.0,98.41,99.57,3
APP10340,CIT10183,SCH003,2025-06-10,70368,0.44,5,Approved,False,0,0,0,0,0,0.29,0.0,1,-1,1,1,1.0,100.0,97.65,0
APP10341,CIT10028,SCH006,2025-06-11,31912,0.0,5,Under Review,False,0,0,0,0,0,3.79,0.0,1,-1,1,1,1.0,99.3,99.76,0
APP10342,CIT10330,SCH008,2025-06-11,203714,0.36,5,Approved,True,0,0,0,0,0,2.01,2.86,2,66,2,1,1.0,96.59,97.86,0
APP10343,CIT10470,SCH007,2025-06-12,22707,0.07,4,Under Review,True,0,0,0,1,0,3.87,0.0,2,144,2,2,1.0,96.7,99.94,5
APP10344,CIT10247,SCH006,2025-06-12,14719,0.1,3,Approved,True,0,0,0,1,0,0.35,10.0,2,152,2,2,1.0,95.81,100.0,5
APP10345,CIT10337,SCH002,2025-06-13,29889,1.84,5,Approved,False,0,0,0,0,0,0.69,1.08,1,-1,1,1,1.0,97.24,97.02,0
APP10346,CIT10022,SCH007,2025-06-13,196457,0.0,5,Submitted,False,0,0,0,0,0,3.44,0.0,1,-1,1,1,1.0,97.16,100.0,0
APP10347,CIT10427,SCH008,2025-06-14,64073,0.0,4,Submitted,False,0,0,0,0,0,1.66,0.0,1,-1,1,1,1.0,97.73,99.45,1
APP10348,CIT10467,SCH001,2025-06-14,97546,0.07,4,Under Review,True,0,0,0,1,0,0.65,7.0,2,16,2,2,1.0,94.87,100.0,8
APP10349,CIT10465,SCH009,2025-06-15,90972,0.19,3,Submitted,True,0,0,0,1,1,6.0,5.56,2,93,4,4,1.0,95.69,99.36,16
APP10350,CIT10472,SCH004,2025-06-15,15088,0.22,4,Under Review,True,0,0,0,0,0,3.38,0.0,2,82,2,1,1.0,97.51,100.0,0
APP10351,CIT10420,SCH008,2025-06-16,183422,0.0,4,Submitted,False,0,0,0,0,0,1.33,0.0,1,-1,1,1,1.0,97.64,97.57,0
APP10352,CIT10096,SCH010,2025-06-16,180053,0.0,5,Under Review,True,0,0,0,0,0,1.5,0.0,2,146,2,1,1.0,99.99,98.6,0
APP10353,CIT10122,SCH007,2025-06-16,30752,1.35,3,Under Review,True,0,1,0,1,1,73.66,0.75,5,25,5,5,0.75,66.72,83.5,42
APP10354,CIT10250,SCH010,2025-06-17,23552,0.96,3,Submitted,False,0,1,0,0,1,48.58,4.35,1,-1,1,0,1.0,77.85,100.0,22
APP10355,CIT10494,SCH007,2025-06-17,32197,2.01,4,Under Review,False,0,0,0,0,0,0.51,0.99,1,-1,1,1,1.0,100.0,100.0,0
APP10356,CIT10379,SCH002,2025-06-18,233900,0.0,5,Under Review,False,0,0,0,0,0,2.74,0.0,1,-1,1,1,1.0,97.29,97.73,0
APP10357,CIT10308,SCH001,2025-06-18,23877,0.2,5,Submitted,True,0,0,0,1,0,3.1,0.0,2,153,2,2,1.0,97.54,97.68,1
APP10358,CIT10420,SCH004,2025-06-19,179166,0.0,5,Submitted,True,0,0,0,1,0,1.02,0.0,2,3,2,2,1.0,97.8,68.15,22
APP10359,CIT10412,SCH012,2025-06-19,259448,0.38,5,Submitted,True,0,0,0,1,0,0.49,2.56,2,24,2,2,1.0,97.82,99.71,6
APP10360,CIT10334,SCH002,2025-06-20,27642,0.0,5,Submitted,False,0,0,0,0,0,3.21,0.0,1,-1,1,1,1.0,98.86,100.0,0
APP10361,CIT10442,SCH008,2025-06-20,24340,3.03,3,Approved,False,0,0,0,0,0,2.19,0.33,1,-1,1,1,0.75,99.51,82.95,0
APP10362,CIT10420,SCH010,2025-06-21,186089,0.0,4,Submitted,True,1,0,0,1,0,2.81,0.0,3,2,3,2,1.0,97.07,72.91,30
APP10363,CIT10326,SCH007,2025-06-21,16807,0.0,3,Under Review,False,0,0,0,0,0,2.99,0.0,1,-1,1,1,0.75,99.26,85.21,3
APP10364,CIT10137,SCH008,2025-06-22,69193,3.67,3,Submitted,True,0,0,0,0,0,3.92,5.66,2,145,2,1,0.75,95.7,83.88,6
APP10365,CIT10277,SCH011,2025-06-22,23672,1.02,4,Submitted,False,0,0,0,0,0,0.09,2.86,1,-1,1,0,1.0,100.0,100.0,0
APP10366,CIT10320,SCH006,2025-06-23,89516,4.89,4,Submitted,False,0,0,0,0,0,3.13,6.5,1,-1,1,1,1.0,94.6,98.59,1
APP10367,CIT10332,SCH001,2025-06-23,11716,0.0,5,Approved,True,0,0,0,1,0,2.37,0.0,2,100,2,2,1.0,100.0,97.63,0
APP10368,CIT10061,SCH012,2025-06-24,28691,0.36,5,Approved,False,0,0,0,0,0,0.6,2.86,1,-1,1,1,1.0,100.0,98.43,0
APP10369,CIT10250,SCH009,2025-06-24,45179,0.89,4,Under Review,True,0,0,0,0,0,1.37,3.26,2,7,2,1,1.0,99.47,97.15,1
APP10370,CIT10478,SCH006,2025-06-25,85224,8.98,4,Submitted,True,0,0,1,1,1,3.27,64.17,2,18,2,2,1.0,69.4,98.64,16
APP10371,CIT10095,SCH012,2025-06-25,95020,1.29,5,Submitted,False,0,0,0,0,0,1.43,1.57,1,-1,1,1,1.0,97.11,99.01,2
APP10372,CIT10296,SCH010,2025-06-25,46531,0.0,3,Approved,False,0,0,0,0,0,2.08,0.0,1,-1,1,0,1.0,99.29,100.0,0
APP10373,CIT10184,SCH001,2025-06-26,82890,0.08,5,Under Review,False,0,0,0,0,0,0.1,0.0,1,-1,1,1,1.0,97.98,100.0,2
APP10374,CIT10260,SCH001,2025-06-26,51852,1.84,3,Under Review,True,0,0,0,0,0,0.26,2.13,3,74,2,1,0.75,99.55,87.22,2
APP10375,CIT10287,SCH008,2025-06-27,11826,0.0,4,Under Review,True,0,0,0,1,0,1.45,0.0,2,125,2,2,1.0,98.92,100.0,4
APP10376,CIT10155,SCH006,2025-06-27,30339,5.95,5,Approved,False,0,0,0,0,0,2.61,1.54,1,-1,1,1,1.0,96.15,97.0,0
APP10377,CIT10186,SCH008,2025-06-28,70102,0.0,3,Approved,True,0,0,0,0,0,3.51,0.0,2,19,2,1,0.75,97.76,84.35,1
APP10378,CIT10409,SCH008,2025-06-28,320260,0.0,5,Approved,True,0,0,0,1,0,3.9,0.0,2,31,2,2,1.0,98.2,100.0,1
APP10379,CIT10069,SCH011,2025-06-29,46531,1.53,4,Under Review,True,0,0,0,0,0,1.97,2.0,2,105,2,1,1.0,97.05,100.0,0
APP10380,CIT10326,SCH008,2025-06-29,16164,0.0,4,Approved,True,0,0,0,1,0,0.95,0.0,2,8,2,2,1.0,98.01,100.0,6
APP10381,CIT10261,SCH010,2025-06-30,100784,0.2,4,Approved,True,0,0,0,1,0,2.11,0.0,4,122,3,2,1.0,100.0,100.0,10
APP10382,CIT10115,SCH007,2025-06-30,18744,0.19,3,Submitted,True,0,0,1,1,0,0.53,36.67,3,70,3,3,0.75,81.75,83.69,27
APP10383,CIT10347,SCH007,2025-07-01,42014,1.19,5,Submitted,False,0,0,0,0,0,15.73,0.85,1,-1,1,1,1.0,94.04,100.0,5
APP10384,CIT10008,SCH010,2025-07-01,221500,2.49,4,Under Review,True,0,0,0,0,0,10.02,2.05,2,54,2,1,1.0,93.54,100.0,7
APP10385,CIT10265,SCH004,2025-07-02,22935,0.27,4,Approved,True,0,0,0,1,0,3.57,0.0,2,143,2,2,1.0,97.97,100.0,3
APP10386,CIT10271,SCH009,2025-07-02,44937,3.76,3,Under Review,True,0,0,0,1,0,0.23,0.8,2,67,2,2,1.0,99.71,97.1,0
APP10387,CIT10484,SCH012,2025-07-03,31794,5.61,4,Approved,False,0,0,0,0,0,12.29,1.58,1,-1,1,1,1.0,95.75,100.0,10
APP10388,CIT10249,SCH002,2025-07-03,50294,0.37,4,Approved,False,0,0,0,0,0,1.62,2.78,1,-1,1,1,1.0,96.96,99.26,15
APP10389,CIT10105,SCH011,2025-07-04,64745,0.39,5,Under Review,False,0,0,0,0,0,0.47,2.63,1,-1,1,0,1.0,96.83,98.23,4
APP10390,CIT10263,SCH009,2025-07-04,12426,0.0,3,Approved,True,0,0,0,1,0,3.55,0.0,3,135,3,3,1.0,99.98,100.0,13
APP10391,CIT10224,SCH010,2025-07-04,161345,3.82,4,Under Review,True,0,0,0,0,0,3.1,0.26,2,39,2,1,1.0,97.68,100.0,1
APP10392,CIT10328,SCH003,2025-07-05,10931,2.95,4,Under Review,True,0,0,0,1,0,8.91,0.34,2,142,2,2,1.0,96.27,99.33,8
APP10393,CIT10495,SCH002,2025-07-05,91304,0.25,5,Submitted,True,0,0,1,1,0,1.2,92.31,2,176,2,2,1.0,59.69,100.0,27
APP10394,CIT10371,SCH004,2025-07-06,207196,0.0,5,Submitted,True,0,0,0,1,0,0.51,0.0,2,62,2,2,1.0,99.57,98.68,2
APP10395,CIT10271,SCH005,2025-07-06,45563,3.63,5,Under Review,True,0,0,0,1,0,1.16,2.68,3,4,3,3,1.0,98.78,100.0,13
APP10396,CIT10165,SCH002,2025-07-07,27748,0.19,5,Approved,False,0,0,0,0,0,4.74,0.0,1,-1,1,1,1.0,96.77,100.0,1
APP10397,CIT10083,SCH001,2025-07-07,13721,0.0,4,Approved,True,0,0,0,0,0,3.19,0.0,2,111,2,1,1.0,99.15,97.79,3
APP10398,CIT10295,SCH010,2025-07-08,334074,3.06,4,Approved,False,0,0,0,0,0,2.88,0.97,1,-1,1,0,1.0,96.45,100.0,0
APP10399,CIT10134,SCH011,2025-07-08,69395,0.2,4,Submitted,True,0,0,0,0,0,3.46,0.0,2,147,2,1,1.0,98.86,98.82,5
APP10400,CIT10211,SCH005,2025-07-09,210452,0.0,3,Submitted,False,0,0,0,0,0,0.88,0.0,1,-1,1,1,0.75,98.96,84.47,0
APP10401,CIT10313,SCH009,2025-07-09,22499,0.18,4,Under Review,True,0,0,0,1,0,3.3,18.0,2,92,2,2,1.0,91.56,100.0,5
APP10402,CIT10092,SCH012,2025-07-10,143977,0.0,4,Approved,True,0,0,0,1,0,3.65,0.0,2,43,2,2,1.0,97.88,100.0,2
APP10403,CIT10337,SCH012,2025-07-10,29760,1.88,4,Under Review,True,0,0,0,1,0,0.26,1.08,2,27,2,2,1.0,100.0,100.0,3
APP10404,CIT10490,SCH005,2025-07-11,12473,1.92,3,Submitted,False,0,0,0,0,0,3.94,3.03,1,-1,1,1,0.75,96.14,83.17,4
APP10405,CIT10403,SCH012,2025-07-11,162883,0.0,4,Submitted,True,0,0,0,1,0,3.27,0.0,2,94,2,2,1.0,99.05,99.32,3
APP10406,CIT10127,SCH011,2025-07-12,11801,0.09,4,Under Review,True,0,0,0,1,0,1.66,0.0,3,36,3,2,1.0,99.77,100.0,16
APP10407,CIT10191,SCH010,2025-07-12,71215,0.0,5,Submitted,False,0,0,0,0,0,0.76,0.0,1,-1,1,0,1.0,100.0,100.0,0
APP10408,CIT10159,SCH009,2025-07-13,12893,1.53,4,Submitted,False,0,0,0,0,0,7.44,1.92,1,-1,1,1,1.0,96.77,100.0,4
APP10409,CIT10331,SCH012,2025-07-13,64258,4.2,5,Under Review,True,0,0,0,1,0,0.93,4.74,6,46,3,2,1.0,98.44,99.07,17
APP10410,CIT10335,SCH010,2025-07-13,30480,0.98,5,Submitted,False,0,0,0,0,0,2.25,2.97,1,-1,1,0,1.0,95.69,100.0,3
APP10411,CIT10010,SCH006,2025-07-14,84482,0.0,5,Under Review,True,0,0,0,1,0,2.75,0.0,3,82,3,3,1.0,98.26,97.1,16
APP10412,CIT10107,SCH003,2025-07-14,58027,0.84,5,Under Review,False,0,0,0,0,0,0.55,9.09,1,-1,1,1,1.0,95.32,99.52,3
APP10413,CIT10087,SCH004,2025-07-15,137169,0.0,5,Approved,True,0,0,0,1,0,3.59,0.0,2,58,2,2,1.0,97.21,97.24,0
APP10414,CIT10067,SCH004,2025-07-15,90949,0.0,3,Submitted,False,0,0,0,0,0,8.95,0.0,1,-1,1,1,0.75,95.62,84.89,5
APP10415,CIT10062,SCH001,2025-07-16,14815,4.97,5,Submitted,True,0,0,0,1,0,2.36,0.2,2,39,2,2,1.0,100.0,98.43,1
APP10416,CIT10387,SCH003,2025-07-16,36214,0.2,5,Approved,True,0,0,0,0,0,1.42,0.0,2,121,2,1,1.0,99.62,99.41,1
APP10417,CIT10146,SCH003,2025-07-17,20620,0.0,4,Under Review,False,0,0,0,0,0,1.94,0.0,1,-1,1,1,1.0,99.86,98.62,2
APP10418,CIT10153,SCH001,2025-07-17,166314,0.0,4,Approved,True,0,0,0,0,0,1.67,0.0,2,51,1,1,1.0,98.45,100.0,5
APP10419,CIT10107,SCH009,2025-07-18,57200,0.78,3,Approved,True,0,0,0,1,0,1.96,1.3,2,4,2,2,1.0,100.0,100.0,5
APP10420,CIT10148,SCH011,2025-07-18,92939,0.0,5,Submitted,True,0,0,0,1,0,2.77,0.0,3,78,3,2,1.0,97.05,100.0,21
APP10421,CIT10186,SCH001,2025-07-19,81488,0.0,4,Submitted,True,0,0,0,1,0,12.16,0.0,3,21,3,2,1.0,92.8,99.89,23
APP10422,CIT10349,SCH009,2025-07-19,228956,0.0,4,Under Review,False,0,0,0,0,0,1.26,0.0,1,-1,1,1,1.0,100.0,98.08,0
APP10423,CIT10342,SCH001,2025-07-20,28602,0.0,4,Under Review,False,0,0,0,0,0,2.32,0.0,1,-1,1,1,1.0,99.55,100.0,0
APP10424,CIT10178,SCH002,2025-07-20,32380,0.0,4,Submitted,True,0,0,0,1,0,3.75,0.0,2,41,2,2,1.0,96.7,99.6,0
APP10425,CIT10377,SCH002,2025-07-21,34099,0.47,4,Under Review,False,0,0,0,0,0,1.71,0.0,1,-1,1,1,1.0,98.71,100.0,0
APP10426,CIT10335,SCH006,2025-07-21,30715,1.02,4,Approved,True,0,0,0,0,0,3.04,0.99,2,8,2,1,1.0,99.68,100.0,5
APP10427,CIT10487,SCH007,2025-07-22,28152,1.96,2,Under Review,False,0,1,0,0,1,52.45,2.62,1,-1,1,1,0.5,75.44,70.79,47
APP10428,CIT10266,SCH011,2025-07-22,43774,0.0,4,Under Review,False,0,0,0,0,0,3.69,0.0,1,-1,1,0,1.0,96.98,99.46,6
APP10429,CIT10149,SCH001,2025-07-23,11545,0.0,4,Approved,False,0,0,0,0,0,3.79,0.0,1,-1,1,1,1.0,98.9,100.0,7
APP10430,CIT10247,SCH003,2025-07-23,13709,0.0,1,Under Review,True,1,0,0,1,1,6.54,0.0,3,0,3,3,0.25,97.83,27.5,61
APP10431,CIT10254,SCH002,2025-07-23,75972,2.12,2,Under Review,False,1,0,0,0,1,4.91,3.92,1,1,1,1,0.5,97.64,42.45,49
APP10432,CIT10500,SCH008,2025-07-24,19407,3.78,5,Under Review,False,0,0,0,0,0,1.61,1.82,1,-1,1,1,1.0,99.43,97.63,9
APP10433,CIT10029,SCH009,2025-07-24,45536,0.0,4,Under Review,False,0,0,0,0,0,1.01,0.0,1,-1,1,1,1.0,97.72,99.19,1
APP10434,CIT10352,SCH002,2025-07-25,112349,0.0,3,Approved,True,0,0,0,1,0,0.51,0.0,3,146,3,2,0.75,100.0,85.85,13
APP10435,CIT10266,SCH002,2025-07-25,41254,0.0,5,Submitted,True,0,0,0,0,0,2.28,0.0,2,3,2,1,1.0,97.78,70.14,26
APP10436,CIT10013,SCH010,2025-07-26,100422,0.0,3,Approved,True,0,0,0,0,0,3.62,0.0,2,98,2,1,1.0,97.67,97.3,2
APP10437,CIT10047,SCH009,2025-07-26,11983,0.39,5,Submitted,False,0,0,0,0,0,0.14,0.0,1,-1,1,1,1.0,100.0,98.63,2
APP10438,CIT10151,SCH004,2025-07-27,62615,1.52,5,Submitted,False,0,0,0,0,0,3.23,0.0,1,-1,1,1,1.0,96.85,99.09,3
APP10439,CIT10050,SCH005,2025-07-27,11998,0.0,4,Submitted,True,0,0,0,1,0,0.02,0.0,3,93,3,3,1.0,98.55,98.95,19
APP10440,CIT10215,SCH011,2025-07-28,116359,9.51,3,Approved,False,0,0,1,0,1,4.41,170.17,1,-1,1,0,0.75,53.28,82.04,29
APP10441,CIT10479,SCH009,2025-07-28,11671,0.0,5,Submitted,False,0,0,0,0,0,2.74,0.0,1,-1,1,1,1.0,98.16,100.0,3
APP10442,CIT10132,SCH006,2025-07-29,36043,0.0,4,Submitted,True,0,0,0,0,0,0.91,0.0,2,130,1,1,1.0,97.71,99.37,1
APP10443,CIT10372,SCH010,2025-07-29,43947,3.88,4,Submitted,False,0,0,0,0,0,2.05,0.52,1,-1,1,0,1.0,98.81,100.0,4
APP10444,CIT10113,SCH012,2025-07-30,20900,0.17,4,Approved,True,0,0,0,0,0,2.26,0.0,3,152,2,1,1.0,99.65,97.48,2
APP10445,CIT10252,SCH009,2025-07-30,74774,0.6,3,Approved,True,0,0,0,1,1,11.37,1.69,5,3,2,2,1.0,93.44,69.96,21
APP10446,CIT10451,SCH009,2025-07-31,36769,1.55,4,Approved,False,0,0,0,0,0,1.9,1.27,1,-1,1,1,1.0,97.83,99.25,7
APP10447,CIT10341,SCH007,2025-07-31,116072,0.0,4,Under Review,True,0,0,0,1,0,16.28,0.0,3,80,3,2,1.0,90.88,98.53,24
APP10448,CIT10053,SCH012,2025-08-01,114048,1.84,4,Approved,False,0,0,0,0,0,0.0,2.22,1,-1,1,1,1.0,99.07,100.0,1
APP10449,CIT10130,SCH010,2025-08-01,47576,0.74,2,Under Review,True,0,0,0,1,1,4.44,2.78,2,73,3,2,0.67,96.64,81.29,12
APP10450,CIT10324,SCH009,2025-08-01,114101,0.2,5,Under Review,True,0,0,0,1,0,0.15,4.76,2,126,2,2,1.0,96.5,100.0,0
APP10451,CIT10193,SCH005,2025-08-02,288759,4.31,4,Under Review,False,0,0,0,0,0,0.51,2.38,1,-1,1,1,1.0,99.6,100.0,3
APP10452,CIT10079,SCH005,2025-08-02,13961,0.81,4,Under Review,True,0,0,0,1,0,0.67,1.22,3,115,3,2,1.0,97.44,99.99,26
APP10453,CIT10057,SCH012,2025-08-03,126020,0.0,5,Submitted,False,0,0,0,0,0,3.64,0.0,1,-1,1,1,1.0,99.19,99.02,1
APP10454,CIT10097,SCH008,2025-08-03,17909,0.0,2,Approved,True,0,1,0,1,1,78.41,0.0,2,91,2,2,0.5,65.52,71.97,58
APP10455,CIT10198,SCH010,2025-08-04,23340,0.84,4,Under Review,False,0,0,0,0,0,1.78,21.74,1,-1,1,0,1.0,91.04,99.24,8
APP10456,CIT10135,SCH004,2025-08-04,32724,11.53,4,Under Review,True,0,0,1,0,1,4.38,66.14,3,142,2,1,1.0,67.09,100.0,20
APP10457,CIT10147,SCH009,2025-08-05,67357,0.14,2,Approved,False,1,0,0,0,1,7.5,6.67,1,1,1,1,0.67,91.74,50.64,24
APP10458,CIT10172,SCH007,2025-08-05,221063,0.0,5,Under Review,True,0,0,0,1,0,0.74,0.0,2,132,2,2,1.0,100.0,100.0,2
APP10459,CIT10063,SCH007,2025-08-06,112269,0.0,5,Approved,False,0,0,0,0,0,1.3,0.0,1,-1,1,1,1.0,97.48,100.0,3
APP10460,CIT10065,SCH003,2025-08-06,22244,0.26,4,Under Review,False,0,0,0,0,0,1.5,26.0,1,-1,1,1,1.0,87.41,98.87,6
APP10461,CIT10295,SCH004,2025-08-07,319450,3.12,4,Approved,True,0,0,0,0,0,1.62,0.97,2,30,2,1,1.0,100.0,97.1,0
APP10462,CIT10211,SCH007,2025-08-07,205378,0.0,4,Under Review,True,0,0,0,1,0,3.27,0.0,2,29,2,2,1.0,98.54,100.0,4
APP10463,CIT10109,SCH011,2025-08-08,35840,0.26,4,Approved,True,0,0,0,0,0,0.48,0.0,2,143,2,1,1.0,99.88,97.05,6
APP10464,CIT10282,SCH011,2025-08-08,21676,1.05,5,Approved,False,0,0,0,0,0,3.45,2.94,1,-1,1,0,1.0,96.27,97.94,0
APP10465,CIT10172,SCH005,2025-08-09,211754,0.0,5,Submitted,True,0,0,0,1,0,3.5,0.0,3,4,3,3,1.0,99.08,100.0,14
APP10466,CIT10012,SCH012,2025-08-09,18720,0.0,3,Under Review,True,1,0,0,1,1,0.79,0.0,2,2,2,2,0.75,100.0,52.98,24
APP10467,CIT10406,SCH003,2025-08-10,159271,2.23,4,Submitted,True,0,0,0,1,0,1.86,12.06,2,216,2,2,1.0,93.0,97.98,8
APP10468,CIT10333,SCH001,2025-08-10,108887,0.0,4,Submitted,True,0,0,0,1,0,2.02,0.0,3,67,3,3,1.0,100.0,97.21,14
APP10469,CIT10220,SCH007,2025-08-10,190495,0.0,1,Under Review,True,0,0,0,1,1,13.18,0.0,2,89,2,2,0.25,95.9,52.5,21
APP10470,CIT10398,SCH006,2025-08-11,116174,0.01,5,Approved,True,0,0,0,1,0,0.23,0.0,4,144,3,3,1.0,100.0,100.0,18
APP10471,CIT10342,SCH010,2025-08-11,28030,0.0,4,Approved,True,0,0,0,0,0,0.27,0.0,2,22,2,1,1.0,99.06,100.0,4
APP10472,CIT10286,SCH007,2025-08-12,70832,3.95,3,Approved,False,0,0,0,0,0,1.19,2.33,1,-1,1,1,0.75,99.04,86.75,3
APP10473,CIT10172,SCH002,2025-08-12,203376,0.0,5,Under Review,True,0,0,0,1,0,7.32,0.0,4,3,4,4,1.0,94.99,69.83,37
APP10474,CIT10468,SCH012,2025-08-13,71373,4.64,3,Approved,True,0,0,1,0,1,1.83,464.0,2,98,2,1,0.75,54.99,82.82,33
APP10475,CIT10236,SCH004,2025-08-13,12351,5.0,5,Approved,True,0,0,0,1,0,2.93,0.79,4,105,3,2,1.0,99.19,100.0,20
APP10476,CIT10475,SCH002,2025-08-14,171659,0.0,3,Under Review,False,0,0,0,0,0,1.67,0.0,1,-1,1,1,0.75,100.0,86.4,0
APP10477,CIT10166,SCH008,2025-08-14,74861,2.18,3,Under Review,True,0,0,0,1,1,2.56,3.32,2,65,5,4,0.75,96.65,85.1,13
APP10478,CIT10187,SCH007,2025-08-15,60179,1.58,3,Submitted,False,0,0,0,0,0,0.13,2.47,1,-1,1,1,0.75,100.0,85.53,14
APP10479,CIT10170,SCH001,2025-08-15,26757,0.0,4,Submitted,False,0,0,0,0,0,2.64,0.0,1,-1,1,1,1.0,97.36,100.0,6
APP10480,CIT10052,SCH002,2025-08-16,12057,0.0,5,Approved,False,0,0,0,0,0,0.47,0.0,1,-1,1,1,1.0,100.0,97.46,3
APP10481,CIT10319,SCH002,2025-08-16,103557,0.0,2,Under Review,False,0,0,0,0,1,1.85,0.0,1,-1,1,1,0.5,100.0,72.1,21
APP10482,CIT10189,SCH004,2025-08-17,11828,0.3,3,Under Review,True,0,0,0,1,0,1.43,0.0,3,139,2,2,0.75,98.85,86.44,0
APP10483,CIT10120,SCH003,2025-08-17,45959,0.0,2,Approved,True,1,0,0,0,1,1.65,0.0,5,0,2,1,0.5,99.37,42.76,49
APP10484,CIT10105,SCH001,2025-08-18,66932,0.39,4,Under Review,True,0,0,0,0,0,2.89,2.63,2,45,2,1,1.0,96.85,97.21,3
APP10485,CIT10162,SCH012,2025-08-18,30722,5.16,5,Under Review,True,0,0,0,0,0,9.11,2.38,2,167,1,1,1.0,96.14,100.0,5
APP10486,CIT10295,SCH002,2025-08-19,328643,3.01,4,Submitted,True,0,0,0,1,0,1.21,2.59,3,12,3,2,1.0,98.46,98.65,17
APP10487,CIT10041,SCH011,2025-08-19,21798,0.0,4,Submitted,True,0,0,0,0,0,0.59,0.0,2,198,2,1,1.0,100.0,100.0,0
APP10488,CIT10377,SCH009,2025-08-19,34835,0.47,4,Approved,True,0,0,0,1,0,3.9,0.0,2,29,2,2,1.0,99.45,100.0,8
APP10489,CIT10364,SCH001,2025-08-20,73290,0.0,4,Under Review,False,0,0,0,0,0,2.13,0.0,1,-1,1,1,1.0,98.86,100.0,6
APP10490,CIT10165,SCH009,2025-08-20,27194,0.19,4,Approved,True,0,0,0,1,0,2.65,0.0,2,44,2,2,1.0,99.0,100.0,4
APP10491,CIT10321,SCH007,2025-08-21,145958,0.0,4,Submitted,True,0,0,0,1,0,3.77,0.0,2,231,2,2,1.0,97.26,97.03,2
APP10492,CIT10374,SCH002,2025-08-21,49360,0.74,4,Submitted,True,0,0,0,1,1,1.04,1.33,2,173,5,4,1.0,100.0,100.0,8
APP10493,CIT10335,SCH002,2025-08-22,30982,0.77,3,Under Review,True,0,0,0,1,0,3.93,23.76,3,32,3,2,0.75,88.41,84.11,22
APP10494,CIT10160,SCH005,2025-08-22,53074,4.63,2,Under Review,True,0,0,1,0,1,3.97,463.0,2,226,2,1,0.5,54.38,70.4,54
APP10495,CIT10264,SCH005,2025-08-23,27419,0.0,1,Submitted,False,1,0,0,0,1,0.23,0.0,1,1,1,1,0.25,99.41,22.82,52
APP10496,CIT10353,SCH004,2025-08-23,21513,0.18,4,Submitted,False,0,0,0,0,0,3.99,0.0,1,-1,1,1,1.0,97.26,98.44,3
APP10497,CIT10018,SCH012,2025-08-24,38873,0.0,4,Approved,True,0,0,0,1,0,16.18,0.0,5,82,4,3,1.0,93.96,100.0,20
APP10498,CIT10173,SCH010,2025-08-24,7285,0.2,3,Submitted,False,0,1,0,0,1,74.1,4.76,1,-1,1,0,1.0,64.74,100.0,28
APP10499,CIT10477,SCH010,2025-08-25,43126,0.82,5,Submitted,False,0,0,0,0,0,1.96,0.0,1,-1,1,0,1.0,98.05,99.71,0
APP10500,CIT10352,SCH012,2025-08-25,115023,0.0,4,Approved,True,0,0,0,1,0,1.86,0.0,4,31,4,3,1.0,98.69,99.89,16
APP10501,CIT10033,SCH003,2025-08-26,314634,0.0,5,Approved,True,0,0,0,1,0,1.11,0.0,2,144,2,2,1.0,98.29,100.0,5
APP10502,CIT10261,SCH004,2025-08-26,95382,0.2,5,Submitted,True,0,0,0,1,0,3.36,0.0,5,57,4,3,1.0,99.35,100.0,13
APP10503,CIT10210,SCH010,2025-08-27,27161,0.97,5,Submitted,True,0,0,0,0,0,0.32,0.0,2,172,2,1,1.0,99.05,100.0,0
APP10504,CIT10496,SCH004,2025-08-27,114508,0.0,5,Approved,True,0,0,0,1,0,0.47,0.0,2,119,2,2,1.0,98.3,99.21,0
APP10505,CIT10383,SCH002,2025-08-28,11720,0.68,5,Approved,False,0,0,0,0,0,3.59,1.45,1,-1,1,1,1.0,97.31,100.0,0
APP10506,CIT10330,SCH005,2025-08-28,209009,0.35,3,Approved,True,0,0,0,1,0,0.54,0.0,3,78,3,2,0.75,100.0,82.87,16
APP10507,CIT10382,SCH005,2025-08-29,19162,0.2,3,Submitted,False,0,0,0,0,0,0.15,0.0,1,-1,1,1,0.75,99.33,86.31,0
APP10508,CIT10164,SCH005,2025-08-29,26178,6.87,5,Under Review,False,0,0,0,0,0,2.58,2.83,1,-1,1,1,1.0,98.04,100.0,5
APP10509,CIT10481,SCH011,2025-08-29,12065,0.0,3,Under Review,False,0,0,0,0,0,0.54,0.0,1,-1,1,0,0.75,99.92,84.7,0
APP10510,CIT10407,SCH011,2025-08-30,123934,0.21,3,Submitted,False,0,0,0,0,0,2.55,0.0,1,-1,1,0,0.75,99.83,84.92,0
APP10511,CIT10424,SCH010,2025-08-30,21896,3.47,2,Submitted,True,0,1,0,0,1,78.95,1.76,2,113,2,0,0.67,63.16,82.14,30
APP10512,CIT10005,SCH001,2025-08-31,207921,0.0,4,Submitted,True,0,0,0,1,0,1.26,0.0,2,140,2,2,1.0,97.99,98.61,1
APP10513,CIT10034,SCH006,2025-08-31,78201,0.05,4,Under Review,False,0,0,0,0,0,2.38,0.0,1,-1,1,1,1.0,99.26,97.23,0
APP10514,CIT10280,SCH011,2025-09-01,122742,0.52,2,Under Review,False,1,0,0,0,1,5.74,0.0,1,1,1,0,0.5,99.32,39.7,49
APP10515,CIT10145,SCH002,2025-09-01,48013,0.06,3,Under Review,False,0,1,0,0,1,49.09,0.0,1,-1,1,1,0.75,78.02,84.27,27
APP10516,CIT10351,SCH007,2025-09-02,14568,11.99,4,Under Review,False,0,0,0,0,0,0.9,2.92,1,-1,1,1,1.0,98.86,97.82,0
APP10517,CIT10071,SCH004,2025-09-02,11278,0.0,2,Submitted,True,0,0,0,1,1,6.02,0.0,2,148,4,5,0.5,98.74,72.92,47
APP10518,CIT10465,SCH005,2025-09-03,98695,0.18,4,Approved,True,0,0,0,1,0,1.98,0.0,3,80,3,3,1.0,100.0,99.88,8
APP10519,CIT10348,SCH005,2025-09-03,30050,6.82,4,Under Review,True,0,0,0,1,0,0.65,5.41,3,97,3,2,1.0,96.94,100.0,16
APP10520,CIT10230,SCH005,2025-09-04,57887,0.0,4,Under Review,True,0,0,0,1,0,3.92,0.0,2,123,2,2,1.0,97.67,97.84,3
APP10521,CIT10125,SCH002,2025-09-04,141347,0.0,4,Submitted,False,0,0,0,0,0,3.87,0.0,1,-1,1,1,1.0,99.8,100.0,0
APP10522,CIT10278,SCH005,2025-09-05,96705,0.23,4,Approved,True,0,0,0,1,0,0.72,0.0,3,185,3,2,1.0,100.0,100.0,12
APP10523,CIT10271,SCH003,2025-09-05,43173,6.79,2,Approved,True,0,0,1,1,1,4.14,82.04,4,61,3,3,0.5,59.26,69.28,59
APP10524,CIT10357,SCH004,2025-09-06,60899,3.42,5,Under Review,True,0,0,0,0,0,0.15,2.4,2,143,2,1,1.0,100.0,98.1,7
APP10525,CIT10015,SCH002,2025-09-06,47919,0.0,4,Under Review,True,0,0,0,1,0,14.32,0.0,2,206,2,2,1.0,92.67,100.0,13
APP10526,CIT10242,SCH004,2025-09-07,45942,0.68,3,Approved,True,0,0,0,0,0,13.01,1.49,2,199,1,1,0.75,92.81,86.17,3
APP10527,CIT10498,SCH009,2025-09-07,96260,0.39,4,Under Review,True,0,0,0,1,0,2.32,2.5,2,212,2,2,1.0,98.4,99.44,4
APP10528,CIT10153,SCH008,2025-09-07,166374,0.0,3,Submitted,True,0,0,0,1,0,1.64,0.0,3,52,2,2,0.75,99.59,82.53,10
APP10529,CIT10053,SCH011,2025-09-08,112846,1.8,4,Approved,True,0,0,0,0,0,1.05,0.0,2,38,2,1,1.0,99.33,97.08,0
APP10530,CIT10149,SCH012,2025-09-08,12147,0.0,2,Approved,True,0,0,0,1,1,1.23,0.0,2,47,2,2,0.5,100.0,72.66,21
APP10531,CIT10358,SCH003,2025-09-09,180314,0.0,2,Submitted,True,0,0,0,1,1,5.41,0.0,2,222,2,2,0.5,95.78,70.66,28
APP10532,CIT10450,SCH001,2025-09-09,18492,5.41,4,Approved,True,0,0,1,1,1,4.03,541.0,2,95,2,2,1.0,53.46,98.41,32
APP10533,CIT10219,SCH001,2025-09-10,17302,0.3,5,Under Review,False,0,0,0,0,0,2.69,3.45,1,-1,1,1,1.0,96.24,100.0,3
APP10534,CIT10113,SCH006,2025-09-10,19668,0.17,5,Approved,True,0,0,0,1,0,3.77,0.0,4,42,3,2,1.0,99.7,98.02,13
APP10535,CIT10288,SCH003,2025-09-11,53006,1.93,4,Under Review,True,0,0,0,1,0,0.36,0.52,2,95,2,2,1.0,99.08,100.0,2
APP10536,CIT10277,SCH004,2025-09-11,24900,1.02,3,Approved,True,1,0,0,0,1,5.29,2.86,2,2,2,1,0.75,94.77,52.2,25
APP10537,CIT10452,SCH001,2025-09-12,12139,0.16,5,Under Review,True,0,0,0,1,0,1.16,0.0,3,224,3,3,1.0,100.0,99.98,16
APP10538,CIT10428,SCH008,2025-09-12,98944,0.0,4,Submitted,True,0,0,0,1,0,0.34,0.0,3,140,3,3,1.0,100.0,98.67,7
APP10539,CIT10083,SCH001,2025-09-13,13695,0.0,5,Under Review,True,0,0,0,0,0,3.37,0.0,3,68,2,1,1.0,97.69,98.43,3
APP10540,CIT10450,SCH005,2025-09-13,19590,0.34,3,Approved,True,0,0,0,1,0,1.67,34.0,3,4,3,3,0.75,85.61,84.94,28
APP10541,CIT10218,SCH006,2025-09-14,85978,5.0,4,Approved,False,0,0,0,0,0,0.05,0.0,1,-1,1,1,1.0,98.05,100.0,0
APP10542,CIT10226,SCH002,2025-09-14,64366,3.2,1,Under Review,False,1,0,0,0,1,1.09,1.91,1,2,1,1,0.25,98.59,27.76,39
APP10543,CIT10270,SCH007,2025-09-15,28367,0.0,3,Submitted,True,0,0,0,1,0,3.6,0.0,3,205,3,3,0.75,96.87,82.36,16
APP10544,CIT10015,SCH007,2025-09-15,56233,0.0,4,Under Review,True,0,0,0,1,0,0.54,0.0,3,9,2,2,1.0,99.62,97.91,0
APP10545,CIT10404,SCH001,2025-09-16,122029,0.22,3,Submitted,True,0,0,0,1,0,2.78,0.0,2,210,2,2,0.75,97.54,87.94,1
APP10546,CIT10290,SCH004,2025-09-16,11937,0.0,5,Under Review,False,0,0,0,0,0,0.53,0.0,1,-1,1,1,1.0,98.81,97.57,2
APP10547,CIT10420,SCH012,2025-09-16,181265,5.91,3,Under Review,True,0,0,1,1,1,0.14,591.0,4,87,4,3,0.75,53.64,82.95,43
APP10548,CIT10339,SCH004,2025-09-17,64441,0.05,4,Approved,False,0,0,0,1,1,1.38,0.0,1,-1,4,4,1.0,99.66,100.0,21
APP10549,CIT10265,SCH005,2025-09-17,25360,0.27,5,Approved,True,0,0,0,1,0,14.52,0.0,3,77,2,2,1.0,92.55,100.0,8
APP10550,CIT10199,SCH001,2025-09-18,11809,0.2,4,Approved,True,0,0,0,0,0,1.59,0.0,2,147,1,1,1.0,99.79,97.07,4
APP10551,CIT10158,SCH001,2025-09-18,35612,0.0,3,Submitted,True,0,0,0,1,0,2.24,0.0,4,143,4,3,0.75,100.0,83.55,19
APP10552,CIT10333,SCH007,2025-09-19,108743,0.0,4,Under Review,True,0,0,0,1,0,2.15,0.0,4,40,4,4,1.0,99.35,99.04,24
APP10553,CIT10475,SCH009,2025-09-19,179103,0.0,3,Approved,True,0,0,0,1,0,2.6,0.0,2,36,2,2,1.0,97.72,99.92,3
APP10554,CIT10447,SCH001,2025-09-20,71365,6.52,4,Under Review,False,0,0,0,0,0,2.98,1.95,1,-1,1,1,1.0,99.45,98.53,0
APP10555,CIT10492,SCH002,2025-09-20,195373,0.0,2,Approved,False,1,0,0,0,1,2.48,0.0,1,1,1,1,0.5,98.02,38.6,47
APP10556,CIT10419,SCH006,2025-09-21,37700,0.52,4,Submitted,True,0,0,0,1,0,8.31,1.89,2,122,2,2,1.0,95.92,100.0,6
APP10557,CIT10397,SCH006,2025-09-21,59745,8.68,3,Submitted,False,0,0,0,0,0,3.08,1.7,1,-1,1,1,1.0,97.28,100.0,0
APP10558,CIT10207,SCH002,2025-09-22,127824,0.0,3,Submitted,False,0,0,0,0,0,1.02,0.0,1,-1,1,1,0.75,99.26,86.73,3
APP10559,CIT10174,SCH009,2025-09-22,61499,0.0,4,Approved,False,0,0,0,0,0,3.92,0.0,1,-1,1,1,1.0,97.66,100.0,3
APP10560,CIT10184,SCH004,2025-09-23,82729,0.48,4,Submitted,True,0,0,1,1,0,0.29,500.0,2,89,2,2,1.0,55.67,99.44,33
APP10561,CIT10265,SCH007,2025-09-23,22662,0.0,4,Submitted,True,0,0,1,1,0,2.33,100.0,4,6,3,3,1.0,54.01,99.44,46
APP10562,CIT10493,SCH006,2025-09-24,11788,0.0,4,Approved,True,0,0,0,1,0,1.77,0.0,3,177,2,2,1.0,98.25,99.95,0
APP10563,CIT10471,SCH011,2025-09-24,32483,0.0,4,Under Review,True,0,0,0,0,0,2.49,0.0,2,166,2,1,1.0,100.0,100.0,0
APP10564,CIT10246,SCH011,2025-09-25,232848,0.0,3,Under Review,True,0,0,0,0,0,1.01,0.0,2,175,2,1,0.75,100.0,85.1,0
APP10565,CIT10036,SCH003,2025-09-25,86139,0.51,4,Submitted,True,0,0,0,1,0,0.91,0.0,3,134,3,2,1.0,99.9,99.78,15
APP10566,CIT10373,SCH008,2025-09-25,90997,3.14,2,Submitted,True,1,0,0,1,1,6.73,3.98,2,0,2,2,0.5,95.25,42.5,51
APP10567,CIT10488,SCH007,2025-09-26,43431,0.0,3,Under Review,False,0,0,0,0,0,1.18,0.0,1,-1,1,1,0.75,100.0,84.28,3
APP10568,CIT10259,SCH009,2025-09-26,5329,3.81,3,Submitted,False,0,1,0,0,1,56.38,2.14,1,-1,1,1,1.0,74.61,97.63,19
APP10569,CIT10482,SCH003,2025-09-27,62100,0.0,3,Approved,True,0,0,0,1,0,1.73,0.0,3,196,3,2,0.75,100.0,85.61,18
APP10570,CIT10019,SCH001,2025-09-27,14111,0.0,3,Submitted,True,0,0,0,1,0,1.63,0.0,2,184,2,2,0.75,98.54,82.19,0
APP10571,CIT10412,SCH002,2025-09-28,249472,0.4,3,Submitted,True,0,0,0,1,0,3.38,2.56,3,101,3,3,0.75,96.55,82.22,14
APP10572,CIT10023,SCH012,2025-09-28,89484,3.95,5,Submitted,True,0,0,0,1,0,0.38,1.02,2,148,2,2,1.0,98.09,97.27,1
APP10573,CIT10104,SCH011,2025-09-29,58475,1.97,3,Under Review,False,0,0,0,0,0,2.64,6.64,1,-1,1,0,0.75,95.4,85.59,1
APP10574,CIT10241,SCH012,2025-09-29,200332,0.0,3,Under Review,True,0,0,0,1,0,1.57,0.0,3,177,3,3,0.75,99.73,85.57,15
APP10575,CIT10493,SCH001,2025-09-30,12448,0.0,4,Under Review,True,0,0,0,1,0,3.73,0.0,4,6,3,3,1.0,98.3,100.0,17
APP10576,CIT10391,SCH011,2025-09-30,33897,0.0,4,Submitted,False,0,0,0,0,0,8.87,0.0,1,-1,1,0,1.0,97.59,98.83,3
APP10577,CIT10361,SCH005,2025-10-01,51694,5.12,4,Submitted,True,0,0,0,0,0,3.45,0.39,2,179,1,1,1.0,98.77,100.0,0
APP10578,CIT10204,SCH010,2025-10-01,55464,0.45,4,Approved,True,0,0,0,0,0,3.71,2.27,2,209,2,1,1.0,97.52,98.21,0
APP10579,CIT10253,SCH002,2025-10-02,36716,0.0,5,Under Review,False,0,0,0,0,0,3.32,0.0,1,-1,1,1,1.0,100.0,100.0,6
APP10580,CIT10142,SCH003,2025-10-02,96714,0.0,1,Submitted,True,0,0,0,1,1,7.35,0.0,3,159,3,3,0.25,96.92,56.11,41
APP10581,CIT10302,SCH008,2025-10-03,21208,0.0,4,Approved,True,0,0,0,1,0,1.72,0.0,2,271,2,2,1.0,100.0,100.0,0
APP10582,CIT10143,SCH010,2025-10-03,12384,0.0,5,Under Review,False,0,0,0,0,0,3.2,0.0,1,-1,1,0,1.0,100.0,99.9,0
APP10583,CIT10451,SCH005,2025-10-04,37241,1.56,5,Approved,True,0,0,0,1,0,0.64,0.64,2,65,2,2,1.0,98.98,100.0,0
APP10584,CIT10271,SCH004,2025-10-04,46798,3.72,4,Approved,True,0,0,0,1,0,3.91,0.27,5,29,4,4,1.0,97.33,98.88,11
APP10585,CIT10307,SCH005,2025-10-05,289156,4.47,5,Approved,True,0,0,0,1,0,2.48,0.0,2,251,2,2,1.0,97.66,97.19,1
APP10586,CIT10472,SCH010,2025-10-05,16405,0.22,2,Submitted,True,0,0,0,0,1,12.4,0.0,3,112,2,1,0.67,93.87,82.35,12
APP10587,CIT10500,SCH006,2025-10-05,19752,3.88,5,Approved,True,0,0,0,1,0,0.14,0.78,2,73,2,2,1.0,99.93,100.0,5
APP10588,CIT10110,SCH012,2025-10-06,87920,1.24,5,Approved,False,0,0,0,0,0,2.81,22.01,1,-1,1,1,1.0,90.77,97.57,5
APP10589,CIT10008,SCH007,2025-10-06,201961,2.41,3,Approved,True,0,0,0,1,0,0.32,1.23,3,97,3,2,0.75,97.37,84.67,14
APP10590,CIT10069,SCH009,2025-10-07,47189,1.46,5,Submitted,True,0,0,0,1,0,3.41,2.67,3,100,3,2,1.0,98.07,99.53,20
APP10591,CIT10190,SCH001,2025-10-07,68316,0.0,4,Under Review,False,0,0,0,0,0,3.71,0.0,1,-1,1,1,1.0,96.9,97.4,5
APP10592,CIT10179,SCH004,2025-10-08,26785,0.0,5,Under Review,False,0,0,0,0,0,0.56,0.0,1,-1,1,1,1.0,98.06,100.0,1
APP10593,CIT10063,SCH012,2025-10-08,111409,0.0,4,Approved,True,0,0,0,1,0,0.52,0.0,2,63,2,2,1.0,98.42,100.0,0
APP10594,CIT10068,SCH012,2025-10-09,35779,2.4,3,Submitted,False,0,0,0,0,0,0.55,3.0,1,-1,1,1,0.75,96.85,84.76,0
APP10595,CIT10206,SCH009,2025-10-09,61636,0.56,4,Submitted,False,0,0,0,0,0,2.45,1.75,1,-1,1,1,1.0,98.78,100.0,7
APP10596,CIT10400,SCH005,2025-10-10,54340,0.0,3,Submitted,False,0,0,1,0,0,9.79,100.0,1,-1,1,1,0.75,50.91,84.3,33
APP10597,CIT10468,SCH008,2025-10-10,70650,0.0,5,Approved,True,0,0,0,1,0,2.82,0.0,3,58,3,2,1.0,100.0,97.15,13
APP10598,CIT10408,SCH012,2025-10-11,74829,0.0,5,Submitted,False,0,0,0,0,0,17.48,0.0,1,-1,1,1,1.0,91.9,98.13,9
APP10599,CIT10006,SCH001,2025-10-11,11603,0.0,3,Approved,False,0,1,0,0,1,64.36,0.0,1,-1,1,1,0.75,72.35,83.66,29
APP10600,CIT10119,SCH004,2025-10-12,33563,0.0,5,Under Review,False,0,0,0,0,0,0.56,0.0,1,-1,1,1,1.0,99.45,98.06,0
APP10601,CIT10313,SCH012,2025-10-12,25276,0.0,3,Under Review,True,1,0,0,1,1,8.63,0.0,5,2,3,3,0.75,97.21,53.31,38
APP10602,CIT10031,SCH012,2025-10-13,67355,4.84,4,Approved,True,0,0,0,1,0,1.92,2.22,4,142,2,2,1.0,96.36,98.24,1
APP10603,CIT10006,SCH009,2025-10-13,31362,0.0,4,Approved,True,1,0,0,1,0,3.68,0.0,2,2,2,2,1.0,98.38,72.42,18
APP10604,CIT10483,SCH001,2025-10-14,40010,0.0,1,Rejected,True,1,0,0,1,1,0.82,0.0,5,2,4,4,0.25,98.6,22.51,64
APP10605,CIT10207,SCH001,2025-10-14,128607,0.0,4,Approved,True,0,0,0,1,0,0.42,0.0,2,22,2,2,1.0,100.0,99.37,1
APP10606,CIT10157,SCH004,2025-10-14,66093,0.0,4,Submitted,False,0,0,0,0,0,2.38,0.0,1,-1,1,1,1.0,97.73,100.0,0
APP10607,CIT10067,SCH003,2025-10-15,98839,0.0,4,Approved,True,0,0,0,1,0,1.05,0.0,2,92,2,2,1.0,100.0,98.79,2
APP10608,CIT10459,SCH007,2025-10-15,255605,0.0,4,Under Review,True,0,0,0,1,0,2.01,0.0,3,150,3,3,1.0,100.0,97.72,18
APP10609,CIT10387,SCH011,2025-10-16,34587,0.2,4,Submitted,True,0,0,0,0,0,5.85,0.0,3,92,2,1,1.0,99.16,97.6,7
APP10610,CIT10412,SCH003,2025-10-16,258100,0.39,3,Submitted,True,0,0,0,1,0,0.04,0.0,4,18,4,4,0.75,98.44,86.52,12
APP10611,CIT10330,SCH001,2025-10-17,201823,0.35,5,Under Review,True,0,0,0,1,0,2.92,0.0,4,50,4,3,1.0,97.56,100.0,18
APP10612,CIT10370,SCH012,2025-10-17,13697,0.0,1,Rejected,True,1,0,0,1,1,6.41,0.0,3,1,3,3,0.25,98.16,25.15,60
APP10613,CIT10353,SCH011,2025-10-18,21715,0.18,4,Approved,True,0,0,0,0,0,3.08,0.0,2,56,2,1,1.0,99.92,97.06,3
APP10614,CIT10432,SCH010,2025-10-18,113773,0.26,5,Approved,True,0,0,1,0,0,0.72,58.06,2,198,2,1,1.0,74.91,99.08,17
APP10615,CIT10336,SCH002,2025-10-19,12351,2.91,5,Under Review,True,0,0,0,0,0,2.93,1.69,2,278,2,1,1.0,98.76,100.0,11
APP10616,CIT10379,SCH010,2025-10-19,247675,0.0,3,Approved,True,1,0,0,0,1,2.99,0.0,2,2,2,1,1.0,98.39,67.57,18
APP10617,CIT10394,SCH004,2025-10-20,129958,2.74,3,Submitted,False,0,0,0,0,0,0.06,0.72,1,-1,1,1,0.75,99.51,87.06,5
APP10618,CIT10289,SCH001,2025-10-20,242534,0.46,5,Approved,False,0,0,0,0,0,1.39,0.0,1,-1,1,1,1.0,99.4,98.9,1
APP10619,CIT10484,SCH001,2025-10-21,42126,5.85,4,Under Review,True,0,0,0,1,0,16.21,2.63,2,110,2,2,1.0,92.3,100.0,6
APP10620,CIT10451,SCH012,2025-10-21,36929,1.61,4,Under Review,True,0,0,0,1,0,1.48,2.55,3,17,3,3,1.0,96.73,100.0,17
APP10621,CIT10453,SCH008,2025-10-22,60112,0.0,4,Approved,False,0,0,0,0,0,3.79,0.0,1,-1,1,1,1.0,98.17,100.0,4
APP10622,CIT10140,SCH007,2025-10-22,67390,0.71,3,Under Review,False,0,0,0,0,0,3.78,1.39,1,-1,1,1,0.75,96.13,86.08,0
APP10623,CIT10441,SCH008,2025-10-23,31403,6.98,3,Approved,False,0,0,1,0,1,1.66,1044.26,1,-1,1,1,0.75,53.05,86.9,28
APP10624,CIT10300,SCH004,2025-10-23,81611,0.54,4,Approved,False,0,0,0,0,0,0.76,1.82,1,-1,1,1,1.0,97.79,100.0,1
APP10625,CIT10013,SCH006,2025-10-23,103658,0.0,5,Under Review,True,0,0,0,1,0,0.51,0.0,3,89,3,2,1.0,100.0,99.76,21
APP10626,CIT10152,SCH003,2025-10-24,37906,3.68,3,Approved,False,0,0,0,0,0,1.26,0.55,1,-1,1,1,0.75,97.35,87.88,0
APP10627,CIT10428,SCH011,2025-10-24,101807,0.0,4,Under Review,True,0,0,0,1,0,2.55,0.0,4,42,4,3,1.0,100.0,98.4,12
APP10628,CIT10313,SCH008,2025-10-25,24083,0.0,3,Under Review,True,0,0,0,1,0,3.51,0.0,4,13,4,4,0.75,97.18,83.47,15
APP10629,CIT10352,SCH004,2025-10-25,110802,0.0,5,Approved,True,0,0,0,1,0,1.88,0.0,5,61,5,4,1.0,100.0,100.0,17
APP10630,CIT10400,SCH003,2025-10-26,61857,0.12,5,Submitted,True,0,0,0,1,0,2.69,0.0,2,16,2,2,1.0,98.89,100.0,6
APP10631,CIT10480,SCH004,2025-10-26,37417,0.31,4,Under Review,True,0,0,0,1,0,0.7,0.0,3,140,3,2,1.0,100.0,98.77,22
APP10632,CIT10109,SCH006,2025-10-27,34345,0.26,1,Rejected,True,1,0,0,1,1,3.71,0.0,3,2,3,2,0.33,96.96,28.22,66
APP10633,CIT10485,SCH011,2025-10-27,175687,0.0,4,Under Review,False,0,0,0,0,0,17.58,0.0,1,-1,1,0,1.0,92.28,97.61,5
APP10634,CIT10376,SCH007,2025-10-28,120178,0.0,4,Approved,False,0,0,0,0,0,2.67,0.0,1,-1,1,1,1.0,100.0,98.25,0
APP10635,CIT10356,SCH007,2025-10-28,124185,0.0,4,Under Review,False,0,0,0,0,0,3.3,0.0,1,-1,1,1,1.0,99.01,99.63,8
APP10636,CIT10149,SCH012,2025-10-29,11626,0.0,5,Submitted,True,0,0,0,1,0,3.12,0.0,3,51,2,2,1.0,100.0,98.82,5
APP10637,CIT10367,SCH004,2025-10-29,73328,2.85,5,Under Review,False,0,0,0,0,0,0.15,2.15,1,-1,1,1,1.0,100.0,99.93,5
APP10638,CIT10204,SCH008,2025-10-30,56434,0.43,4,Approved,True,0,0,0,0,0,2.03,2.27,3,29,2,1,1.0,97.41,98.56,4
APP10639,CIT10307,SCH007,2025-10-30,292554,4.59,4,Under Review,True,0,0,0,1,0,3.69,2.68,3,25,3,3,1.0,97.25,97.74,22
APP10640,CIT10021,SCH002,2025-10-31,32539,0.0,5,Approved,False,0,0,0,0,0,3.8,0.0,1,-1,1,1,1.0,98.11,100.0,2
APP10641,CIT10060,SCH008,2025-10-31,134292,3.88,4,Submitted,False,0,0,0,0,0,2.38,1.31,1,-1,1,1,1.0,96.71,97.68,0
APP10642,CIT10435,SCH009,2025-11-01,149513,0.0,5,Approved,True,0,0,0,1,0,0.26,0.0,2,213,2,2,1.0,100.0,100.0,0
APP10643,CIT10021,SCH005,2025-11-01,31958,0.0,4,Submitted,True,1,0,0,1,0,1.95,0.0,2,1,2,2,1.0,99.93,67.27,18
APP10644,CIT10363,SCH004,2025-11-01,16502,0.2,5,Submitted,False,0,0,0,0,0,0.31,0.0,1,-1,1,1,1.0,100.0,97.46,1
APP10645,CIT10382,SCH004,2025-11-02,19844,0.21,5,Submitted,True,0,0,0,1,0,3.41,5.0,2,65,2,2,1.0,94.26,98.73,10
APP10646,CIT10245,SCH004,2025-11-02,40771,10.21,3,Under Review,True,0,1,0,1,1,62.38,2.82,2,305,2,2,0.75,71.12,87.57,30
APP10647,CIT10390,SCH006,2025-11-03,35657,0.0,4,Approved,True,0,0,0,1,0,0.9,0.0,2,175,2,2,1.0,100.0,97.15,0
APP10648,CIT10073,SCH011,2025-11-03,71435,6.64,2,Submitted,False,0,0,1,0,1,3.31,498.2,1,-1,1,0,0.5,53.72,68.77,58
APP10649,CIT10449,SCH004,2025-11-04,40970,0.0,4,Approved,False,0,0,0,0,0,0.69,0.0,1,-1,1,1,1.0,99.41,98.99,0
APP10650,CIT10076,SCH007,2025-11-04,34858,2.25,4,Approved,False,0,0,0,0,0,1.3,2.27,1,-1,1,1,1.0,99.53,100.0,0
APP10651,CIT10186,SCH007,2025-11-05,74423,0.0,3,Approved,True,0,0,0,1,0,2.44,0.0,4,109,4,3,0.75,97.3,86.46,19
APP10652,CIT10078,SCH005,2025-11-05,116499,2.38,4,Approved,True,0,0,0,1,0,3.48,0.42,2,239,2,2,1.0,99.35,100.0,8
APP10653,CIT10390,SCH005,2025-11-06,36014,0.0,4,Approved,True,0,0,0,1,0,0.09,0.0,3,3,3,3,1.0,98.97,71.91,38
APP10654,CIT10065,SCH010,2025-11-06,24405,0.0,4,Submitted,True,0,0,0,0,0,11.36,0.0,2,92,2,1,1.0,93.17,99.95,4
APP10655,CIT10342,SCH008,2025-11-07,28969,0.0,5,Approved,True,0,0,0,1,0,3.63,0.0,3,88,3,2,1.0,99.08,100.0,15
APP10656,CIT10290,SCH007,2025-11-07,12136,0.0,4,Submitted,True,0,0,0,1,0,1.13,0.0,2,52,2,2,1.0,100.0,100.0,3
APP10657,CIT10056,SCH007,2025-11-08,19275,0.0,5,Approved,True,0,0,0,1,0,3.05,0.0,2,242,2,2,1.0,99.73,100.0,1
APP10658,CIT10331,SCH006,2025-11-08,62566,4.0,4,Under Review,True,0,0,0,1,0,3.54,0.25,7,118,4,3,1.0,99.43,97.96,10
APP10659,CIT10259,SCH007,2025-11-09,5632,3.64,2,Under Review,True,0,1,0,1,1,53.9,2.41,2,44,2,2,0.5,75.83,67.56,45
APP10660,CIT10426,SCH007,2025-11-09,80959,4.06,4,Submitted,False,0,0,1,0,1,1.99,238.33,1,-1,1,1,1.0,55.74,97.63,38
APP10661,CIT10190,SCH010,2025-11-10,65082,0.0,3,Under Review,True,0,0,0,0,0,1.2,0.0,2,34,2,1,1.0,98.68,99.78,0
APP10662,CIT10006,SCH002,2025-11-10,32995,0.0,3,Under Review,True,0,0,0,1,0,1.34,0.0,3,28,3,3,0.75,99.3,84.14,19
APP10663,CIT10006,SCH010,2025-11-11,33604,5.62,3,Rejected,True,1,0,1,1,1,3.21,562.0,4,1,4,3,1.0,52.55,69.79,66
APP10664,CIT10191,SCH002,2025-11-11,70632,0.0,4,Submitted,True,0,0,0,0,0,0.07,0.0,2,122,2,1,1.0,100.0,99.74,1
APP10665,CIT10148,SCH010,2025-11-11,92163,0.0,4,Under Review,True,0,0,0,1,0,1.92,0.0,4,116,4,2,1.0,98.78,100.0,14
APP10666,CIT10405,SCH007,2025-11-12,61681,2.24,3,Approved,True,0,0,0,0,0,2.09,2.28,2,280,1,1,0.75,97.82,86.07,1
APP10667,CIT10258,SCH010,2025-11-12,11574,0.0,4,Approved,True,0,0,0,0,0,3.55,0.0,2,185,2,1,1.0,100.0,97.78,0
APP10668,CIT10218,SCH007,2025-11-13,88697,5.09,4,Submitted,True,0,0,0,1,0,3.21,1.8,2,60,2,2,1.0,99.15,100.0,3
APP10669,CIT10479,SCH007,2025-11-13,11541,0.0,4,Approved,True,0,0,0,1,0,3.82,0.0,2,108,2,2,1.0,98.29,98.49,0
APP10670,CIT10090,SCH005,2025-11-14,171222,0.0,4,Under Review,False,0,0,0,0,0,3.05,0.0,1,-1,1,1,1.0,96.63,100.0,1
APP10671,CIT10312,SCH001,2025-11-14,58338,1.18,3,Approved,True,0,0,0,0,0,2.88,0.0,2,254,2,1,0.75,98.26,82.09,2
APP10672,CIT10352,SCH002,2025-11-15,108945,0.0,4,Under Review,True,0,0,0,1,0,3.52,0.0,6,21,5,4,1.0,99.63,99.32,17
APP10673,CIT10010,SCH009,2025-11-15,79824,0.0,5,Submitted,True,0,0,0,1,0,2.92,0.0,4,124,3,3,1.0,98.2,97.46,15
APP10674,CIT10087,SCH008,2025-11-16,119542,0.0,3,Approved,True,0,0,0,1,0,9.72,0.0,3,124,3,3,0.75,97.21,85.51,18
APP10675,CIT10250,SCH008,2025-11-16,44447,1.27,4,Submitted,True,0,0,1,1,0,2.96,38.04,3,145,3,2,1.0,83.26,99.0,30
APP10676,CIT10326,SCH010,2025-11-17,16404,0.0,5,Submitted,True,0,0,0,1,0,0.52,0.0,3,141,3,2,1.0,99.09,98.08,22
APP10677,CIT10151,SCH001,2025-11-17,64234,1.49,3,Under Review,True,0,0,0,1,0,0.73,1.97,2,113,2,2,0.75,100.0,87.66,15
APP10678,CIT10476,SCH006,2025-11-18,82645,7.33,4,Submitted,True,0,0,0,1,0,3.45,2.52,2,255,2,2,1.0,98.69,100.0,0
APP10679,CIT10113,SCH009,2025-11-18,7024,0.16,1,Rejected,True,0,1,0,1,1,65.63,5.88,5,69,4,3,0.33,67.6,58.84,68
APP10680,CIT10030,SCH008,2025-11-19,44187,2.56,5,Approved,True,0,0,0,1,0,3.5,2.29,2,205,2,2,1.0,97.42,100.0,4
APP10681,CIT10128,SCH003,2025-11-19,18179,0.04,3,Submitted,True,0,0,0,0,0,3.16,0.0,2,193,1,1,0.75,99.77,82.83,0
APP10682,CIT10078,SCH004,2025-11-20,114036,2.33,4,Under Review,True,0,0,0,1,0,1.29,2.51,3,15,3,3,1.0,99.99,97.97,9
APP10683,CIT10421,SCH003,2025-11-20,47520,0.0,4,Under Review,True,0,0,0,0,0,3.77,0.0,2,305,2,1,1.0,97.84,100.0,6
APP10684,CIT10055,SCH006,2025-11-20,129675,1.37,5,Approved,True,0,0,0,0,0,1.79,0.0,2,197,1,1,1.0,97.81,97.2,2
APP10685,CIT10480,SCH009,2025-11-21,36552,0.31,4,Under Review,True,0,0,0,1,0,1.63,0.0,4,26,4,3,1.0,99.77,98.83,20
APP10686,CIT10305,SCH008,2025-11-21,13780,0.0,5,Submitted,False,0,0,0,0,0,14.83,0.0,1,-1,1,1,1.0,94.06,100.0,5
APP10687,CIT10034,SCH010,2025-11-22,78964,0.05,3,Submitted,True,0,0,0,0,0,3.38,0.0,2,83,2,1,1.0,97.56,100.0,0
APP10688,CIT10105,SCH004,2025-11-22,63120,0.38,4,Submitted,True,0,0,0,1,0,2.97,0.0,3,96,3,2,1.0,98.88,97.73,19
APP10689,CIT10172,SCH002,2025-11-23,242515,0.0,4,Under Review,True,0,0,0,1,0,10.52,0.0,5,103,4,4,1.0,95.09,98.11,22
APP10690,CIT10499,SCH008,2025-11-23,12928,0.38,4,Submitted,True,0,0,0,1,0,7.73,2.7,3,246,3,3,1.0,96.92,100.0,20
APP10691,CIT10022,SCH008,2025-11-24,197298,0.0,4,Submitted,True,0,0,0,1,0,3.88,0.0,2,164,2,2,1.0,100.0,98.06,7
APP10692,CIT10287,SCH012,2025-11-24,11541,0.0,3,Submitted,True,0,0,0,1,0,3.82,0.0,3,150,3,3,0.75,98.0,86.57,19
APP10693,CIT10391,SCH011,2025-11-25,36451,0.0,5,Submitted,True,0,0,0,0,0,2.01,0.0,2,56,1,0,1.0,98.53,100.0,0
APP10694,CIT10105,SCH006,2025-11-25,66368,0.38,3,Under Review,True,0,0,0,1,0,2.02,0.0,4,3,4,3,1.0,99.1,69.97,38
APP10695,CIT10149,SCH008,2025-11-26,12061,0.0,4,Approved,True,0,0,0,1,0,0.51,0.0,4,28,3,3,1.0,98.33,100.0,12
APP10696,CIT10272,SCH009,2025-11-26,87007,0.21,5,Approved,False,0,0,0,0,0,1.33,5.0,1,-1,1,1,1.0,98.58,97.38,3
APP10697,CIT10276,SCH001,2025-11-27,62252,0.0,5,Submitted,True,0,0,0,1,0,0.29,0.0,3,175,3,2,1.0,98.02,97.91,17
APP10698,CIT10299,SCH009,2025-11-27,17255,0.0,5,Under Review,False,0,0,0,0,0,2.62,0.0,1,-1,1,1,1.0,96.95,100.0,6
APP10699,CIT10172,SCH002,2025-11-28,198455,0.0,5,Under Review,True,0,0,0,1,0,9.56,0.0,6,5,4,4,1.0,95.94,97.27,22
APP10700,CIT10047,SCH001,2025-11-28,12095,0.39,5,Approved,True,0,0,0,1,0,0.79,0.0,2,125,2,2,1.0,100.0,98.42,2
APP10701,CIT10114,SCH008,2025-11-29,81380,4.39,4,Approved,False,0,0,0,0,0,2.63,2.01,1,-1,1,1,1.0,98.23,98.98,4
APP10702,CIT10275,SCH008,2025-11-29,65228,1.66,4,Approved,True,0,0,0,1,0,3.98,1.22,4,236,4,4,1.0,96.91,97.96,18
APP10703,CIT10304,SCH011,2025-11-29,48703,0.0,3,Approved,False,0,0,0,0,0,1.3,0.0,1,-1,1,0,0.75,100.0,87.88,4
APP10704,CIT10480,SCH004,2025-11-30,36847,0.09,5,Submitted,True,0,0,1,1,0,0.84,70.97,5,9,4,3,1.0,65.74,100.0,36
APP10705,CIT10207,SCH008,2025-11-30,133297,0.0,4,Under Review,True,0,0,0,1,0,3.22,0.0,3,47,3,3,1.0,99.11,100.0,15
APP10706,CIT10453,SCH007,2025-12-01,59315,0.0,4,Approved,True,0,0,0,1,0,2.41,0.0,2,40,2,2,1.0,97.71,100.0,0
APP10707,CIT10395,SCH002,2025-12-01,164069,0.0,3,Approved,True,0,0,0,1,0,3.17,0.0,2,318,2,2,0.75,99.98,86.38,0
APP10708,CIT10463,SCH005,2025-12-02,29292,0.22,4,Approved,False,0,0,0,0,0,3.66,22.0,1,-1,1,1,1.0,86.61,100.0,13
APP10709,CIT10413,SCH010,2025-12-02,80808,0.0,4,Under Review,True,0,0,0,0,0,0.65,0.0,2,278,2,1,1.0,97.76,100.0,0
APP10710,CIT10242,SCH004,2025-12-03,52578,0.67,4,Approved,True,0,0,0,0,0,0.44,0.0,3,87,1,1,1.0,100.0,100.0,1
APP10711,CIT10301,SCH003,2025-12-03,69176,0.0,5,Approved,True,0,0,0,0,0,2.15,0.0,2,305,2,1,1.0,99.03,100.0,0
APP10712,CIT10196,SCH001,2025-12-04,105076,0.1,4,Under Review,False,0,0,0,0,0,2.83,0.0,1,-1,1,1,1.0,99.0,97.32,0
APP10713,CIT10497,SCH005,2025-12-04,12387,0.0,5,Submitted,False,0,0,0,0,0,3.23,0.0,1,-1,1,1,1.0,98.7,100.0,2
APP10714,CIT10164,SCH010,2025-12-05,25813,7.01,4,Under Review,True,0,0,0,0,0,3.94,0.85,2,98,2,1,1.0,99.6,97.51,0
APP10715,CIT10176,SCH008,2025-12-05,112315,0.0,4,Submitted,False,0,0,0,0,0,3.78,0.0,1,-1,1,1,1.0,98.62,97.98,0
APP10716,CIT10343,SCH012,2025-12-06,322910,0.0,4,Under Review,True,0,0,0,1,0,3.42,0.0,2,235,2,2,1.0,98.0,100.0,0
APP10717,CIT10271,SCH009,2025-12-06,37327,3.64,4,Under Review,True,0,0,0,1,0,17.12,2.41,6,63,4,4,1.0,92.3,100.0,18
APP10718,CIT10110,SCH007,2025-12-07,93249,1.58,4,Submitted,True,0,0,0,1,0,3.08,0.63,2,62,2,2,1.0,96.72,100.0,0
APP10719,CIT10172,SCH012,2025-12-07,47333,0.0,3,Under Review,True,0,1,0,1,1,78.43,0.0,7,9,5,5,0.75,64.06,82.74,43
APP10720,CIT10451,SCH011,2025-12-08,36821,1.54,4,Submitted,True,0,0,0,1,0,1.76,1.91,4,48,4,3,1.0,97.31,100.0,13
APP10721,CIT10352,SCH001,2025-12-08,112188,0.0,4,Under Review,True,0,0,0,1,0,0.65,0.0,7,23,6,5,1.0,100.0,99.31,9
APP10722,CIT10202,SCH001,2025-12-08,71248,0.0,2,Approved,True,0,0,0,1,1,11.68,0.0,2,276,2,2,0.5,94.94,68.62,34
APP10723,CIT10168,SCH001,2025-12-09,48922,0.1,3,Approved,False,0,1,0,0,1,56.71,0.0,1,-1,1,1,0.75,74.13,84.17,27
APP10724,CIT10102,SCH002,2025-12-09,16062,0.0,5,Approved,False,0,0,0,0,0,1.67,0.0,1,-1,1,1,1.0,98.11,99.06,0
APP10725,CIT10086,SCH001,2025-12-10,71324,2.5,3,Under Review,False,0,0,0,0,0,3.41,2.34,1,-1,1,1,0.75,99.41,83.17,10
APP10726,CIT10142,SCH004,2025-12-10,91928,0.0,5,Submitted,True,0,0,0,1,0,2.04,0.0,4,69,4,4,1.0,98.86,100.0,24
APP10727,CIT10447,SCH010,2025-12-11,72682,6.51,3,Under Review,True,0,0,0,0,0,1.19,2.11,2,82,2,1,1.0,97.83,100.0,1
APP10728,CIT10337,SCH009,2025-12-11,30657,1.91,5,Submitted,True,0,0,0,1,0,3.28,2.69,3,154,3,3,1.0,97.13,100.0,18
APP10729,CIT10213,SCH012,2025-12-12,18182,0.0,4,Approved,True,0,0,0,1,0,1.75,0.0,2,304,2,2,1.0,97.56,100.0,0
APP10730,CIT10051,SCH004,2025-12-12,44367,0.2,3,Under Review,True,0,0,0,0,0,2.03,0.0,2,260,2,1,0.75,97.37,83.92,1
APP10731,CIT10112,SCH004,2025-12-13,36005,0.04,5,Approved,False,0,0,0,0,0,2.36,4.0,1,-1,1,1,1.0,99.13,99.15,2
APP10732,CIT10463,SCH007,2025-12-13,28479,0.0,3,Submitted,True,0,0,0,1,0,0.79,0.0,2,11,2,2,0.75,99.13,86.47,2
APP10733,CIT10442,SCH011,2025-12-14,24343,3.0,5,Submitted,True,0,0,0,0,0,2.2,1.32,2,177,2,1,1.0,97.16,98.74,0
APP10734,CIT10271,SCH009,2025-12-14,45588,3.64,5,Submitted,True,0,0,0,1,0,1.22,2.41,7,8,4,4,1.0,98.4,99.44,11
APP10735,CIT10065,SCH007,2025-12-15,21467,0.0,4,Submitted,True,0,0,0,1,0,2.05,0.0,3,39,3,2,1.0,99.84,100.0,17
APP10736,CIT10344,SCH001,2025-12-15,47254,0.39,4,Approved,True,0,0,0,1,0,2.83,0.0,2,256,2,2,1.0,97.7,100.0,0
APP10737,CIT10183,SCH001,2025-12-16,73246,0.04,4,Under Review,True,0,0,1,1,0,3.78,90.91,2,189,2,2,1.0,57.79,100.0,36
APP10738,CIT10332,SCH004,2025-12-16,5979,0.0,3,Approved,True,0,1,0,1,1,50.18,0.0,3,176,3,3,0.75,78.08,85.59,34
APP10739,CIT10010,SCH004,2025-12-17,95648,0.0,4,Under Review,True,0,0,0,1,0,16.33,0.0,5,32,4,4,1.0,94.34,97.58,16
APP10740,CIT10494,SCH001,2025-12-17,33230,1.98,3,Under Review,True,0,0,0,1,0,2.68,2.46,2,183,2,2,0.75,95.86,84.45,0
APP10741,CIT10234,SCH006,2025-12-18,42040,0.53,4,Under Review,False,0,0,0,0,0,0.8,0.0,1,-1,1,1,1.0,100.0,100.0,3
APP10742,CIT10298,SCH010,2025-12-18,11593,0.0,3,Submitted,True,0,0,0,1,0,3.39,0.0,3,216,3,1,1.0,98.34,97.02,13
APP10743,CIT10244,SCH002,2025-12-18,23899,0.0,4,Approved,False,0,0,0,0,0,2.34,0.0,1,-1,1,1,1.0,98.69,98.61,0
APP10744,CIT10351,SCH011,2025-12-19,6890,11.8,2,Under Review,True,0,1,0,0,1,53.13,1.29,2,108,2,1,0.5,75.38,69.98,39
APP10745,CIT10267,SCH005,2025-12-19,198134,0.0,4,Approved,False,0,0,0,0,0,1.69,0.0,1,-1,1,1,1.0,99.39,99.72,0
APP10746,CIT10118,SCH008,2025-12-20,15596,0.93,5,Under Review,False,0,0,0,0,0,1.67,1.09,1,-1,1,1,1.0,97.39,97.31,2
APP10747,CIT10144,SCH003,2025-12-20,29084,2.15,5,Submitted,False,0,0,0,0,0,1.19,1.42,1,-1,1,1,1.0,100.0,98.75,1
APP10748,CIT10381,SCH009,2025-12-21,26739,1.71,5,Under Review,False,0,0,0,0,0,3.2,0.58,1,-1,1,1,1.0,100.0,97.15,0
APP10749,CIT10201,SCH007,2025-12-21,25939,0.0,3,Under Review,False,0,0,0,0,0,3.26,0.0,1,-1,1,1,0.75,98.74,85.47,3
APP10750,CIT10239,SCH009,2025-12-22,19324,0.94,1,Approved,True,0,0,0,0,1,3.34,7.84,2,316,2,1,0.33,94.96,57.16,34
APP10751,CIT10334,SCH001,2025-12-22,26444,0.0,4,Approved,True,0,0,0,1,0,1.26,0.0,2,185,2,2,1.0,99.82,98.49,2
APP10752,CIT10403,SCH005,2025-12-23,163883,0.0,5,Approved,True,0,0,0,1,0,3.9,0.0,3,165,3,3,1.0,99.83,98.76,9
APP10753,CIT10415,SCH012,2025-12-23,17409,0.0,5,Approved,False,0,0,0,0,0,2.44,0.0,1,-1,1,1,1.0,98.94,99.8,3
APP10754,CIT10457,SCH003,2025-12-24,230971,0.0,4,Under Review,False,0,0,0,0,0,3.46,0.0,1,-1,1,1,1.0,98.62,100.0,0
APP10755,CIT10484,SCH004,2025-12-24,37377,5.72,5,Submitted,True,0,0,0,1,0,3.11,0.35,3,64,3,3,1.0,99.88,100.0,14
APP10756,CIT10437,SCH004,2025-12-25,92065,0.0,4,Submitted,True,0,0,0,0,0,17.64,0.0,2,352,1,1,1.0,90.32,100.0,10
APP10757,CIT10487,SCH011,2025-12-25,60231,1.96,4,Approved,True,0,0,0,0,0,1.73,2.62,2,156,2,1,1.0,100.0,100.0,0
APP10758,CIT10246,SCH012,2025-12-26,233369,0.0,3,Submitted,True,0,0,0,1,0,1.23,0.0,3,92,3,2,0.75,98.87,84.6,13
APP10759,CIT10346,SCH007,2025-12-26,11580,0.0,5,Under Review,False,0,0,0,0,0,3.5,0.0,1,-1,1,1,1.0,97.12,100.0,0
APP10760,CIT10008,SCH010,2025-12-27,202539,2.39,3,Submitted,True,0,0,0,1,0,0.61,2.05,4,82,3,2,1.0,99.56,97.59,17
APP10761,CIT10152,SCH011,2025-12-27,36884,3.57,3,Under Review,True,0,0,0,0,0,1.47,2.46,2,64,2,1,0.75,96.48,82.53,0
APP10762,CIT10392,SCH008,2025-12-27,59063,1.53,3,Approved,False,0,0,0,0,0,2.96,0.0,1,-1,1,1,0.75,99.51,84.18,0
APP10763,CIT10211,SCH011,2025-12-28,209852,0.0,3,Submitted,True,0,0,0,1,0,1.16,0.0,3,143,3,2,0.75,99.85,87.72,13
APP10764,CIT10367,SCH010,2025-12-28,72082,2.75,5,Under Review,True,0,0,0,0,0,1.85,1.43,2,60,2,1,1.0,99.71,98.48,5
APP10765,CIT10432,SCH005,2025-12-29,116030,0.63,4,Submitted,True,0,0,0,1,0,2.71,1.61,3,72,3,2,1.0,98.2,98.68,19
APP10766,CIT10158,SCH012,2025-12-29,34893,0.0,4,Under Review,True,0,0,0,1,0,0.18,0.0,5,102,5,4,1.0,98.43,100.0,17
APP10767,CIT10058,SCH010,2025-12-30,51648,1.49,3,Submitted,True,0,0,0,0,0,2.45,2.76,2,292,2,1,1.0,96.0,100.0,3
APP10768,CIT10086,SCH007,2025-12-30,67990,2.57,5,Approved,True,0,0,0,1,0,1.43,0.39,2,20,2,2,1.0,100.0,100.0,0
APP10769,CIT10055,SCH003,2025-12-31,130216,1.4,4,Approved,True,0,0,0,1,0,1.38,2.19,3,41,2,2,1.0,99.55,98.42,0
APP10770,CIT10201,SCH003,2025-12-31,25932,0.0,5,Approved,True,0,0,0,1,0,3.29,0.0,2,10,2,2,1.0,96.71,98.82,0
APP10771,CIT10122,SCH003,2026-01-01,118288,1.36,5,Submitted,True,0,0,0,1,0,1.31,1.49,6,199,6,6,1.0,97.21,100.0,15
APP10772,CIT10446,SCH012,2026-01-01,113603,0.0,5,Submitted,True,0,0,0,1,0,13.11,0.0,3,221,3,3,1.0,95.07,100.0,14
APP10773,CIT10108,SCH004,2026-01-02,19596,0.0,3,Submitted,True,0,0,0,1,0,1.38,0.0,3,263,3,3,0.75,97.47,83.31,18
APP10774,CIT10304,SCH006,2026-01-02,50230,0.0,5,Approved,True,0,0,0,0,0,1.79,0.0,2,34,2,1,1.0,99.51,98.41,3
APP10775,CIT10132,SCH005,2026-01-03,40321,0.0,4,Approved,True,0,0,0,1,0,12.89,0.0,3,158,2,2,1.0,95.84,97.26,2
APP10776,CIT10421,SCH008,2026-01-03,50346,0.0,3,Approved,True,0,0,0,1,0,1.95,0.0,3,44,3,2,0.75,100.0,86.01,24
APP10777,CIT10392,SCH012,2026-01-04,57028,1.54,4,Submitted,True,0,0,0,1,0,0.59,0.65,2,8,2,2,1.0,99.82,99.52,0
APP10778,CIT10385,SCH005,2026-01-04,12287,0.06,4,Submitted,False,0,0,0,0,0,2.39,0.0,1,-1,1,1,1.0,100.0,99.48,1
APP10779,CIT10476,SCH011,2026-01-05,86365,6.96,4,Approved,True,0,0,0,1,0,0.9,2.66,3,48,3,2,1.0,98.4,100.0,24
APP10780,CIT10198,SCH012,2026-01-05,23172,0.69,4,Under Review,True,0,0,0,0,0,1.05,0.0,2,154,2,1,1.0,100.0,98.16,0
APP10781,CIT10047,SCH005,2026-01-05,13182,0.4,1,Under Review,True,0,0,0,1,1,9.85,2.56,3,38,3,3,0.25,96.15,56.98,41
APP10782,CIT10228,SCH010,2026-01-06,52419,0.62,3,Submitted,True,0,0,0,0,0,0.7,0.0,2,218,2,0,1.0,99.11,100.0,9
APP10783,CIT10245,SCH002,2026-01-06,99965,9.82,3,Submitted,True,0,0,0,1,0,7.75,1.11,3,65,3,3,0.75,97.34,83.86,23
APP10784,CIT10203,SCH012,2026-01-07,64112,6.07,3,Approved,True,0,0,1,1,1,3.22,1191.49,3,314,3,3,0.75,54.77,83.04,54
APP10785,CIT10261,SCH011,2026-01-07,96553,0.2,3,Under Review,True,0,0,0,1,0,2.17,0.0,6,134,5,3,0.75,97.25,83.4,16
APP10786,CIT10178,SCH011,2026-01-08,33532,0.0,4,Under Review,True,0,0,0,1,0,0.33,0.0,3,172,3,2,1.0,100.0,100.0,19
APP10787,CIT10024,SCH005,2026-01-08,39853,1.09,5,Submitted,False,0,0,0,0,0,2.46,1.87,1,-1,1,1,1.0,96.34,97.27,4
APP10788,CIT10175,SCH012,2026-01-09,13891,0.0,3,Submitted,False,0,0,1,0,0,2.96,100.0,1,-1,1,1,0.75,55.39,86.02,25
APP10789,CIT10274,SCH007,2026-01-09,102842,0.23,4,Approved,False,0,0,1,0,0,3.68,64.29,1,-1,1,1,1.0,70.07,99.23,21
APP10790,CIT10340,SCH002,2026-01-10,68061,0.32,4,Approved,False,0,0,0,0,0,2.38,3.03,1,-1,1,1,1.0,97.52,97.88,0
APP10791,CIT10412,SCH006,2026-01-10,251835,0.38,4,Under Review,True,0,0,0,1,0,2.46,2.56,5,86,4,4,1.0,97.12,100.0,20
APP10792,CIT10461,SCH007,2026-01-11,20597,0.0,5,Submitted,False,0,0,0,0,0,2.27,0.0,1,-1,1,1,1.0,99.47,100.0,0
APP10793,CIT10261,SCH005,2026-01-11,106439,0.2,1,Submitted,True,1,0,0,1,1,7.84,0.0,7,4,6,4,0.25,97.78,56.61,51
APP10794,CIT10286,SCH009,2026-01-12,35492,3.96,2,Under Review,True,0,1,0,1,1,49.29,2.59,2,153,2,2,0.67,75.79,81.96,15
APP10795,CIT10001,SCH004,2026-01-12,56776,0.0,5,Under Review,False,0,0,0,0,0,0.91,0.0,1,-1,1,1,1.0,98.92,99.64,3
APP10796,CIT10086,SCH010,2026-01-13,70191,2.56,3,Under Review,True,0,0,0,1,1,1.77,0.0,6,3,3,2,1.0,99.29,72.56,29
APP10797,CIT10338,SCH001,2026-01-13,176601,0.0,5,Submitted,True,0,0,0,1,0,2.58,0.0,3,265,3,2,1.0,97.93,98.59,21
APP10798,CIT10430,SCH008,2026-01-14,10834,0.0,4,Under Review,True,0,0,0,1,0,9.72,0.0,2,341,2,2,1.0,94.5,100.0,3
APP10799,CIT10069,SCH008,2026-01-14,46780,1.54,4,Under Review,True,0,0,0,1,0,2.51,2.67,4,99,4,3,1.0,96.3,100.0,19
APP10800,CIT10031,SCH007,2026-01-14,74265,5.0,3,Under Review,True,0,0,0,1,0,12.37,1.01,5,93,3,3,0.75,94.42,86.3,15
APP10801,CIT10198,SCH008,2026-01-15,22476,0.71,4,Approved,True,0,0,0,1,0,1.98,2.9,3,10,3,2,1.0,95.82,100.0,14
APP10802,CIT10091,SCH002,2026-01-15,54996,3.49,3,Under Review,False,1,0,0,0,1,2.59,0.0,4,1,1,1,0.75,97.81,53.71,22
APP10803,CIT10440,SCH003,2026-01-16,78713,0.0,4,Under Review,True,0,0,0,1,0,2.12,0.0,2,316,2,2,1.0,100.0,97.2,0
APP10804,CIT10473,SCH009,2026-01-16,54808,0.0,5,Under Review,True,0,0,0,1,0,1.75,0.0,2,316,2,2,1.0,99.49,99.31,0
APP10805,CIT10349,SCH001,2026-01-17,239854,0.0,5,Approved,True,0,0,0,1,0,3.44,0.0,2,182,2,2,1.0,98.14,98.51,2
APP10806,CIT10383,SCH008,2026-01-17,12632,0.7,5,Under Review,True,0,0,0,1,0,3.92,1.45,2,142,2,2,1.0,97.63,97.02,0
APP10807,CIT10412,SCH008,2026-01-18,256787,0.39,5,Under Review,True,0,0,0,1,0,0.54,0.0,6,8,5,5,1.0,98.99,100.0,14
APP10808,CIT10016,SCH007,2026-01-18,123864,0.2,5,Submitted,True,0,0,0,1,0,1.11,0.0,3,266,2,2,1.0,99.8,100.0,0
APP10809,CIT10310,SCH011,2026-01-19,90759,0.0,4,Approved,False,0,0,0,0,0,3.71,0.0,1,-1,1,0,1.0,99.69,100.0,0
APP10810,CIT10437,SCH005,2026-01-19,113661,0.0,5,Approved,True,0,0,0,1,0,1.67,0.0,3,25,2,2,1.0,99.55,100.0,0
APP10811,CIT10396,SCH004,2026-01-20,40027,1.56,5,Under Review,False,0,0,0,0,0,0.99,1.96,1,-1,1,1,1.0,100.0,98.93,0
APP10812,CIT10276,SCH010,2026-01-20,62675,0.0,4,Approved,True,0,0,0,1,0,0.38,0.0,4,54,4,2,1.0,98.0,97.42,12
APP10813,CIT10338,SCH010,2026-01-21,169355,0.0,3,Submitted,True,0,0,0,1,0,1.63,0.0,4,8,3,2,1.0,98.03,98.61,6
APP10814,CIT10162,SCH010,2026-01-21,28554,4.76,4,Approved,True,0,0,0,0,0,1.41,5.56,3,156,2,1,1.0,98.55,100.0,3
APP10815,CIT10437,SCH010,2026-01-22,108634,0.0,4,Under Review,True,0,0,0,1,0,2.82,0.0,4,3,3,2,1.0,98.83,67.77,37
APP10816,CIT10192,SCH006,2026-01-22,65724,2.53,2,Submitted,True,0,0,0,1,1,9.16,3.8,6,3,3,3,0.67,92.71,49.51,39
APP10817,CIT10151,SCH012,2026-01-23,65152,1.49,4,Approved,True,0,0,0,1,0,0.69,1.97,3,67,3,3,1.0,100.0,97.53,15
APP10818,CIT10365,SCH011,2026-01-23,16651,0.0,5,Approved,False,0,0,0,0,0,1.46,0.0,1,-1,1,0,1.0,98.26,100.0,7
APP10819,CIT10411,SCH001,2026-01-23,55818,0.0,4,Under Review,False,0,0,0,0,0,3.7,0.0,1,-1,1,1,1.0,96.59,99.92,4
APP10820,CIT10113,SCH005,2026-01-24,19923,0.17,3,Under Review,True,0,0,0,1,0,2.52,0.0,6,67,5,4,0.75,99.49,87.97,21
APP10821,CIT10273,SCH004,2026-01-24,40255,0.15,5,Approved,False,0,0,0,0,0,3.75,0.0,1,-1,1,1,1.0,96.84,100.0,8
APP10822,CIT10176,SCH004,2026-01-25,130332,0.0,2,Submitted,True,1,0,0,1,1,11.65,0.0,5,1,2,2,0.5,95.09,39.52,48
APP10823,CIT10149,SCH007,2026-01-25,13077,0.0,5,Approved,True,0,0,0,1,0,8.97,0.0,5,60,4,4,1.0,94.05,100.0,13
APP10824,CIT10178,SCH009,2026-01-26,38565,0.0,4,Under Review,True,0,0,0,1,0,14.63,0.0,4,18,4,3,1.0,91.6,100.0,27
APP10825,CIT10424,SCH008,2026-01-26,100944,3.32,4,Under Review,True,0,0,0,1,0,2.94,2.64,3,149,3,1,1.0,98.66,100.0,15
APP10826,CIT10382,SCH011,2026-01-27,18978,0.2,3,Approved,True,0,0,0,1,0,1.1,0.0,3,86,3,2,0.75,97.56,85.58,16
APP10827,CIT10223,SCH012,2026-01-27,34344,0.85,4,Approved,True,0,0,0,1,0,1.74,1.16,2,370,2,2,1.0,97.59,99.71,3
APP10828,CIT10259,SCH008,2026-01-28,12569,3.74,5,Approved,True,0,0,0,1,0,2.88,0.27,3,80,3,3,1.0,98.54,100.0,16
APP10829,CIT10273,SCH005,2026-01-28,38227,0.15,4,Submitted,True,0,0,0,1,0,1.48,0.0,2,4,2,2,1.0,100.0,97.1,0
APP10830,CIT10189,SCH006,2026-01-29,11869,0.31,4,Under Review,True,0,0,0,1,0,1.09,3.33,4,165,3,3,1.0,97.6,97.72,12
APP10831,CIT10306,SCH002,2026-01-29,27061,1.7,5,Approved,True,0,0,0,1,0,1.55,2.86,4,253,3,3,1.0,99.81,100.0,6
APP10832,CIT10378,SCH011,2026-01-30,78135,3.06,4,Submitted,False,0,0,0,0,0,2.76,2.24,1,-1,1,0,1.0,99.64,99.11,0
APP10833,CIT10090,SCH003,2026-01-30,81954,0.0,2,Under Review,True,0,1,0,1,1,50.68,0.0,2,77,2,2,0.5,75.23,71.17,40
APP10834,CIT10343,SCH005,2026-01-31,304930,0.0,3,Under Review,True,0,0,0,1,0,2.33,0.0,3,56,3,3,0.75,98.9,83.49,18
APP10835,CIT10262,SCH002,2026-01-31,109954,0.0,4,Submitted,False,0,0,0,0,0,3.73,0.0,1,-1,1,1,1.0,98.82,99.26,0
APP10836,CIT10156,SCH003,2026-02-01,66299,1.05,4,Under Review,False,0,0,0,0,0,1.7,1.87,1,-1,1,1,1.0,96.89,99.43,0
APP10837,CIT10200,SCH004,2026-02-01,37075,0.08,4,Approved,False,0,0,0,0,0,0.07,0.0,1,-1,1,1,1.0,99.3,100.0,0
APP10838,CIT10055,SCH006,2026-02-02,130755,1.38,5,Approved,True,0,0,0,1,0,0.97,0.73,4,33,2,2,1.0,99.74,100.0,0
APP10839,CIT10254,SCH005,2026-02-02,81650,2.04,5,Under Review,True,0,0,0,1,0,2.2,0.0,2,194,2,2,1.0,99.22,98.53,0
APP10840,CIT10442,SCH010,2026-02-02,25909,3.02,5,Submitted,True,0,0,0,1,0,8.77,0.66,3,50,3,1,1.0,95.63,100.0,20
APP10841,CIT10173,SCH004,2026-02-03,30256,0.2,2,Under Review,True,0,0,0,0,1,7.57,4.76,2,163,2,1,0.5,94.46,72.71,29
APP10842,CIT10200,SCH002,2026-02-03,36559,0.08,3,Approved,True,0,0,0,1,0,1.32,0.0,2,2,2,2,0.75,98.45,53.28,22
APP10843,CIT10403,SCH012,2026-02-04,155354,0.0,4,Submitted,True,0,0,0,1,0,1.51,0.0,4,43,3,3,1.0,100.0,100.0,20
APP10844,CIT10102,SCH011,2026-02-04,15893,0.0,5,Approved,True,0,0,0,0,0,2.71,0.0,2,57,2,1,1.0,99.13,99.26,1
APP10845,CIT10285,SCH005,2026-02-05,12414,0.0,3,Under Review,False,0,0,0,0,0,3.45,0.0,1,-1,1,1,0.75,97.03,82.62,0
APP10846,CIT10151,SCH005,2026-02-05,74276,1.48,1,Approved,True,0,0,0,1,1,14.79,2.63,4,13,4,4,0.25,93.01,57.62,49
APP10847,CIT10111,SCH011,2026-02-06,178895,0.0,3,Under Review,False,1,0,0,0,1,4.49,0.0,1,1,1,0,0.75,97.04,53.02,19
APP10848,CIT10416,SCH007,2026-02-06,57228,2.5,4,Approved,True,0,0,0,1,0,0.08,2.46,2,267,2,2,1.0,99.04,99.25,2
APP10849,CIT10266,SCH001,2026-02-07,42114,0.0,3,Submitted,True,1,0,0,1,1,0.24,0.0,3,0,3,2,0.75,99.7,55.35,32
APP10850,CIT10091,SCH004,2026-02-07,54419,3.45,4,Submitted,True,0,0,0,1,0,1.52,1.15,2,23,2,2,1.0,97.64,100.0,10
APP10851,CIT10177,SCH011,2026-02-08,31988,0.65,4,Submitted,True,0,0,0,1,0,0.71,1.56,3,265,3,1,1.0,100.0,100.0,17
APP10852,CIT10449,SCH005,2026-02-08,40180,0.0,3,Submitted,True,0,0,0,1,0,1.25,0.0,2,96,2,2,0.75,100.0,83.78,1
APP10853,CIT10231,SCH008,2026-02-09,152873,0.0,4,Approved,False,0,0,0,0,0,3.67,0.0,1,-1,1,1,1.0,98.41,99.8,0
APP10854,CIT10029,SCH012,2026-02-09,45803,0.0,3,Under Review,True,0,0,0,1,0,0.43,0.0,2,200,2,2,0.75,98.16,87.28,9
APP10855,CIT10443,SCH012,2026-02-10,115951,0.0,1,Under Review,True,1,0,0,1,1,7.78,0.0,2,1,2,2,0.25,95.7,26.14,49
APP10856,CIT10301,SCH008,2026-02-10,69730,0.0,5,Submitted,True,0,0,0,1,0,2.97,0.0,3,69,3,2,1.0,96.72,100.0,11
APP10857,CIT10195,SCH001,2026-02-11,5255,0.69,1,Rejected,True,0,1,0,1,1,79.11,1.43,3,267,3,3,0.25,64.53,56.91,70
APP10858,CIT10307,SCH005,2026-02-11,270987,4.41,5,Submitted,True,0,0,0,1,0,3.96,1.34,4,104,3,3,1.0,99.16,100.0,23
APP10859,CIT10239,SCH010,2026-02-11,18107,1.22,4,Approved,True,0,0,0,1,0,3.17,19.61,3,51,3,1,1.0,89.08,99.62,18
APP10860,CIT10357,SCH001,2026-02-12,60628,3.24,4,Approved,True,0,0,0,1,0,0.29,2.99,3,159,3,2,1.0,98.1,99.78,20
APP10861,CIT10479,SCH001,2026-02-12,12006,0.0,5,Approved,True,0,0,0,1,0,0.05,0.0,3,91,3,3,1.0,98.61,97.15,10
APP10862,CIT10384,SCH002,2026-02-13,113956,1.81,4,Approved,False,0,0,0,0,0,3.94,0.0,1,-1,1,1,1.0,98.6,100.0,2
APP10863,CIT10267,SCH002,2026-02-13,165873,0.0,4,Submitted,True,0,0,0,1,0,14.87,0.0,2,56,2,2,1.0,91.89,99.38,7
APP10864,CIT10214,SCH009,2026-02-14,180734,0.95,5,Submitted,True,0,0,0,1,0,16.94,2.15,2,362,2,2,1.0,93.05,99.73,5
APP10865,CIT10082,SCH004,2026-02-14,23018,0.98,3,Approved,True,0,0,0,1,0,17.0,0.0,2,291,2,2,0.75,93.24,85.38,9
APP10866,CIT10128,SCH003,2026-02-15,16448,0.04,3,Under Review,True,0,0,0,0,0,6.66,0.0,3,88,1,1,0.75,96.33,86.37,0
APP10867,CIT10483,SCH011,2026-02-15,39750,0.0,4,Approved,True,0,0,0,1,0,0.17,0.0,6,124,5,4,1.0,99.3,100.0,18
APP10868,CIT10262,SCH001,2026-02-16,108641,0.0,3,Approved,True,0,0,0,1,0,2.49,0.0,2,16,2,2,0.75,100.0,82.98,5
APP10869,CIT10067,SCH012,2026-02-16,101571,0.0,4,Approved,True,0,0,0,1,0,1.68,0.0,3,124,3,3,1.0,98.46,100.0,9
APP10870,CIT10062,SCH002,2026-02-17,13952,5.3,5,Approved,True,0,0,0,1,0,3.6,6.43,3,216,3,3,1.0,93.91,99.14,22
APP10871,CIT10133,SCH006,2026-02-17,225650,0.0,5,Approved,True,0,0,0,1,0,1.26,0.0,2,397,2,2,1.0,99.36,100.0,0
APP10872,CIT10137,SCH009,2026-02-18,69584,3.79,3,Under Review,True,0,0,0,1,1,3.38,2.57,5,3,3,2,1.0,98.81,67.12,38
APP10873,CIT10028,SCH005,2026-02-18,32994,0.0,4,Approved,True,0,0,0,1,0,0.53,0.0,2,252,2,2,1.0,98.1,100.0,0
APP10874,CIT10211,SCH004,2026-02-19,209469,0.0,4,Under Review,True,0,0,0,1,1,1.34,0.0,4,53,6,6,1.0,99.91,97.07,20
APP10875,CIT10476,SCH005,2026-02-19,80191,7.3,3,Submitted,True,0,0,0,1,1,6.32,2.1,6,1,4,3,0.75,96.63,53.55,41
APP10876,CIT10475,SCH009,2026-02-20,177730,0.0,2,Submitted,True,1,0,0,1,1,1.81,0.0,6,1,2,2,0.67,97.31,47.9,24
APP10877,CIT10205,SCH012,2026-02-20,44278,1.19,4,Under Review,False,0,0,0,0,0,0.09,0.0,1,-1,1,1,1.0,100.0,99.71,3
APP10878,CIT10253,SCH007,2026-02-20,38697,0.0,3,Under Review,True,0,0,0,1,0,1.89,0.0,2,141,2,2,0.75,100.0,85.49,0
APP10879,CIT10038,SCH008,2026-02-21,28196,1.84,2,Submitted,True,0,1,0,1,1,52.05,1.66,2,384,2,2,0.5,74.06,69.92,43
APP10880,CIT10043,SCH004,2026-02-21,87014,0.0,4,Under Review,False,0,0,0,0,0,2.6,0.0,1,-1,1,1,1.0,98.17,98.98,6
APP10881,CIT10117,SCH011,2026-02-22,72618,1.25,3,Under Review,True,0,0,0,1,0,3.16,3.1,4,312,3,2,0.75,95.95,85.05,17
APP10882,CIT10405,SCH008,2026-02-22,60370,2.21,3,Submitted,True,0,0,0,1,0,0.08,0.91,3,102,2,2,0.75,97.69,84.56,3
APP10883,CIT10475,SCH006,2026-02-23,173497,0.0,4,Submitted,True,0,0,0,1,0,0.62,0.0,4,3,3,3,1.0,100.0,69.3,39
APP10884,CIT10190,SCH005,2026-02-23,67791,0.0,3,Approved,True,0,0,0,1,0,2.91,0.0,3,105,3,2,0.75,98.08,84.47,15
APP10885,CIT10046,SCH012,2026-02-24,20573,0.0,5,Under Review,False,0,0,0,0,0,1.62,0.0,1,-1,1,1,1.0,98.29,100.0,2
APP10886,CIT10454,SCH007,2026-02-24,124051,0.0,5,Submitted,True,0,0,0,1,0,2.9,0.0,2,341,2,2,1.0,99.67,100.0,2
APP10887,CIT10166,SCH006,2026-02-25,74487,2.11,3,Approved,True,0,0,0,1,0,3.05,0.0,3,195,3,3,1.0,96.79,99.48,12
APP10888,CIT10305,SCH003,2026-02-25,12106,0.0,5,Under Review,True,0,0,0,1,0,0.88,0.0,2,96,2,2,1.0,99.01,99.19,9
APP10889,CIT10203,SCH005,2026-02-26,63746,0.47,3,Submitted,True,0,0,0,1,0,3.77,0.0,4,50,4,4,0.75,96.97,85.96,11
APP10890,CIT10495,SCH009,2026-02-26,98880,0.13,4,Approved,True,0,0,0,1,0,9.59,0.0,3,236,3,3,1.0,95.82,98.45,20
APP10891,CIT10233,SCH007,2026-02-27,31653,10.44,4,Approved,False,0,0,0,0,0,2.91,1.04,1,-1,1,1,1.0,98.08,98.08,0
APP10892,CIT10245,SCH012,2026-02-27,109186,9.73,5,Approved,True,0,0,0,1,0,0.76,2.01,4,52,4,4,1.0,97.44,100.0,14
APP10893,CIT10209,SCH004,2026-02-28,36723,4.27,5,Approved,False,0,0,0,0,0,1.14,2.06,1,-1,1,1,1.0,98.89,97.71,3
APP10894,CIT10248,SCH007,2026-02-28,114602,0.19,4,Submitted,False,0,0,0,0,0,3.28,5.0,1,-1,1,1,1.0,97.9,97.01,6
APP10895,CIT10295,SCH005,2026-03-01,339747,3.18,2,Under Review,True,1,0,0,1,1,4.63,2.91,4,1,4,3,0.5,96.19,37.57,60
APP10896,CIT10327,SCH011,2026-03-01,18302,0.0,4,Under Review,False,0,0,0,0,0,1.36,0.0,1,-1,1,0,1.0,98.71,99.49,0
APP10897,CIT10383,SCH002,2026-03-01,12446,0.7,3,Approved,True,0,0,0,1,0,2.39,1.45,3,43,2,2,0.75,96.77,87.69,0
APP10898,CIT10158,SCH006,2026-03-02,36195,0.0,5,Submitted,True,0,0,0,1,0,3.91,0.0,6,63,6,5,1.0,97.17,98.0,14
APP10899,CIT10405,SCH007,2026-03-02,62668,2.19,5,Approved,True,0,0,0,1,0,3.72,0.0,4,8,2,2,1.0,99.94,100.0,6
APP10900,CIT10001,SCH008,2026-03-03,56069,0.0,4,Submitted,True,0,0,0,1,0,2.14,0.0,2,50,2,2,1.0,99.78,97.13,1
APP10901,CIT10217,SCH006,2026-03-03,23668,3.15,5,Under Review,False,0,0,0,0,0,0.68,0.96,1,-1,1,1,1.0,100.0,100.0,0
APP10902,CIT10416,SCH008,2026-03-04,59279,2.4,3,Submitted,True,0,0,0,1,0,3.5,1.64,3,26,3,3,0.75,98.63,84.44,9
APP10903,CIT10249,SCH007,2026-03-04,50457,0.37,4,Approved,True,0,0,0,1,0,1.3,2.78,2,244,2,2,1.0,97.34,100.0,4
APP10904,CIT10392,SCH002,2026-03-05,22639,1.55,2,Rejected,True,0,1,0,1,1,60.53,1.31,3,60,3,3,0.5,73.15,70.88,63
APP10905,CIT10069,SCH006,2026-03-05,46891,1.52,4,Approved,True,0,0,0,1,0,2.75,1.33,5,50,5,4,1.0,99.14,97.26,17
APP10906,CIT10030,SCH009,2026-03-06,41507,2.54,5,Under Review,True,0,0,0,1,0,2.78,3.05,3,107,3,3,1.0,98.27,100.0,15
APP10907,CIT10115,SCH012,2026-03-06,19381,0.31,4,Approved,True,0,0,0,1,0,2.86,3.33,4,249,4,4,1.0,98.82,98.95,18
APP10908,CIT10008,SCH006,2026-03-07,191249,2.84,3,Under Review,True,0,0,0,1,0,5.0,16.39,5,70,4,3,1.0,90.55,100.0,22
APP10909,CIT10369,SCH004,2026-03-07,78537,0.0,4,Under Review,False,0,0,0,0,0,1.61,0.0,1,-1,1,1,1.0,100.0,100.0,0
APP10910,CIT10275,SCH007,2026-03-08,61566,1.67,4,Under Review,True,0,0,0,1,0,1.86,1.83,5,99,4,4,1.0,97.1,99.85,17
APP10911,CIT10492,SCH003,2026-03-08,196811,0.3,4,Submitted,True,0,0,0,1,0,3.24,30.0,2,169,2,2,1.0,86.56,100.0,9
APP10912,CIT10315,SCH005,2026-03-09,21809,0.28,4,Under Review,True,0,0,0,0,0,3.74,0.0,2,304,2,1,1.0,99.3,100.0,6
APP10913,CIT10439,SCH001,2026-03-09,11537,2.94,4,Under Review,True,0,0,0,1,0,3.86,1.38,3,325,3,3,1.0,95.74,97.4,20
APP10914,CIT10414,SCH010,2026-03-10,71601,0.2,3,Approved,False,0,0,0,0,0,0.05,0.0,1,-1,1,0,1.0,99.07,99.69,2
APP10915,CIT10335,SCH003,2026-03-10,32394,1.02,5,Approved,True,0,0,0,1,0,8.67,0.99,4,200,4,3,1.0,96.56,100.0,20
APP10916,CIT10036,SCH008,2026-03-11,89887,0.52,4,Approved,True,0,0,0,1,0,3.4,1.96,4,167,4,3,1.0,96.11,100.0,19
APP10917,CIT10311,SCH009,2026-03-11,87186,0.53,4,Submitted,False,0,0,0,0,0,3.53,1.85,1,-1,1,1,1.0,97.98,99.89,1
APP10918,CIT10044,SCH009,2026-03-11,64725,0.98,4,Under Review,True,0,1,0,1,1,49.79,3.92,2,357,2,2,1.0,74.62,97.66,18
APP10919,CIT10155,SCH010,2026-03-12,32757,5.74,3,Approved,True,0,0,0,0,0,10.79,2.05,2,258,2,1,1.0,95.9,97.66,6
APP10920,CIT10077,SCH002,2026-03-12,100166,0.17,4,Under Review,False,0,0,0,0,0,1.28,0.0,1,-1,1,1,1.0,100.0,97.72,4
APP10921,CIT10078,SCH004,2026-03-13,111280,2.36,4,Submitted,True,0,0,0,1,0,1.16,1.26,4,113,3,3,1.0,98.03,97.74,18
APP10922,CIT10101,SCH005,2026-03-13,12238,0.0,3,Under Review,False,0,0,0,0,0,1.98,0.0,1,-1,1,1,0.75,97.66,85.7,0
APP10923,CIT10438,SCH003,2026-03-14,11538,0.0,5,Under Review,False,0,0,0,0,0,3.85,0.0,1,-1,1,1,1.0,98.71,99.82,4
APP10924,CIT10432,SCH011,2026-03-14,130452,0.61,4,Under Review,True,0,0,0,1,0,15.48,1.61,4,75,4,2,1.0,90.84,97.11,27
APP10925,CIT10030,SCH001,2026-03-15,41179,2.63,4,Approved,True,0,0,0,1,0,3.55,0.38,4,9,3,3,1.0,99.81,100.0,22
APP10926,CIT10039,SCH006,2026-03-15,43312,0.2,3,Submitted,False,0,0,0,0,0,3.65,0.0,1,-1,1,1,1.0,96.55,100.0,7
APP10927,CIT10239,SCH010,2026-03-16,19320,1.31,5,Submitted,True,0,0,0,1,0,3.32,28.43,4,33,3,1,1.0,84.97,99.13,25
APP10928,CIT10013,SCH002,2026-03-16,97450,0.0,2,Under Review,True,1,0,0,1,1,6.47,0.0,4,1,4,3,0.5,96.28,37.7,65
APP10929,CIT10122,SCH009,2026-03-17,117610,1.35,4,Submitted,True,0,0,0,1,0,0.73,0.75,7,75,6,6,1.0,99.89,100.0,19
APP10930,CIT10144,SCH001,2026-03-17,28075,2.17,3,Under Review,True,0,0,0,1,0,2.32,2.36,2,87,2,2,0.75,99.74,83.92,0
APP10931,CIT10172,SCH011,2026-03-18,219020,0.0,4,Submitted,True,0,0,0,1,0,0.19,0.0,8,101,6,5,1.0,100.0,100.0,14
APP10932,CIT10455,SCH009,2026-03-18,28218,2.04,4,Under Review,False,0,0,0,0,0,3.16,0.97,1,-1,1,1,1.0,97.26,100.0,3
APP10933,CIT10368,SCH007,2026-03-19,41472,1.22,4,Under Review,False,0,0,0,0,0,1.69,1.61,1,-1,1,1,1.0,96.93,98.6,0
APP10934,CIT10247,SCH011,2026-03-19,14810,0.0,4,Submitted,True,0,0,0,1,0,0.97,0.0,4,239,4,3,1.0,98.24,100.0,17
APP10935,CIT10247,SCH010,2026-03-20,14484,0.0,5,Submitted,True,1,0,0,1,0,1.25,0.0,5,1,5,3,1.0,98.96,71.53,33
APP10936,CIT10411,SCH002,2026-03-20,54260,0.29,5,Under Review,True,0,0,0,1,0,0.81,29.0,2,56,2,2,1.0,85.45,99.9,16
APP10937,CIT10045,SCH006,2026-03-20,11959,10.64,4,Approved,True,0,0,1,1,1,0.34,150.94,2,309,2,2,1.0,53.57,100.0,29
APP10938,CIT10253,SCH008,2026-03-21,37761,0.0,4,Approved,True,0,0,0,1,1,0.57,0.0,3,29,5,5,1.0,98.9,100.0,14
APP10939,CIT10375,SCH002,2026-03-21,247044,0.0,5,Approved,False,0,0,0,0,0,0.95,0.0,1,-1,1,1,1.0,99.85,99.82,0
APP10940,CIT10291,SCH005,2026-03-22,20205,2.79,4,Under Review,True,0,0,0,1,0,2.13,2.2,2,428,2,2,1.0,96.14,100.0,0
APP10941,CIT10207,SCH012,2026-03-22,127604,0.0,3,Submitted,True,0,0,0,1,0,1.19,0.0,4,112,4,4,0.75,100.0,83.44,20
APP10942,CIT10412,SCH011,2026-03-23,264007,0.54,4,Under Review,True,0,0,1,1,0,2.25,38.46,7,64,6,5,1.0,81.58,100.0,22
APP10943,CIT10483,SCH006,2026-03-23,38185,0.0,5,Under Review,True,0,0,0,1,0,3.77,0.0,7,36,5,4,1.0,97.32,100.0,22
APP10944,CIT10007,SCH003,2026-03-24,193271,0.0,4,Approved,True,0,0,0,1,0,1.63,0.0,2,317,2,2,1.0,100.0,98.74,0
APP10945,CIT10446,SCH012,2026-03-24,127255,0.13,4,Submitted,True,0,0,0,1,0,2.67,13.0,4,82,3,3,1.0,93.44,98.53,21
APP10946,CIT10242,SCH002,2026-03-25,52121,0.68,5,Under Review,True,0,0,0,1,0,1.31,1.49,4,112,2,2,1.0,96.76,100.0,6
APP10947,CIT10110,SCH011,2026-03-25,89775,1.61,4,Approved,True,0,0,0,1,0,0.76,1.26,3,108,3,2,1.0,97.15,97.08,12
APP10948,CIT10114,SCH006,2026-03-26,78090,4.41,5,Submitted,True,0,0,0,1,0,1.52,1.56,2,117,2,2,1.0,97.66,99.5,4
APP10949,CIT10307,SCH003,2026-03-26,284816,4.6,4,Submitted,True,0,0,0,1,0,0.95,2.91,5,43,3,3,1.0,99.57,98.33,18
APP10950,CIT10302,SCH002,2026-03-27,21335,0.0,4,Submitted,True,0,0,0,1,0,2.33,0.0,3,175,3,3,1.0,97.99,100.0,12
APP10951,CIT10276,SCH001,2026-03-27,64435,0.0,4,Submitted,True,0,0,0,1,0,3.2,0.0,5,66,4,2,1.0,97.28,97.13,16
APP10952,CIT10096,SCH008,2026-03-28,177426,0.0,4,Approved,True,0,0,0,1,0,2.93,0.0,3,285,3,2,1.0,98.14,99.45,20
APP10953,CIT10294,SCH001,2026-03-28,38942,7.9,4,Approved,True,0,0,0,1,0,2.12,2.73,2,369,2,2,1.0,99.79,100.0,0
APP10954,CIT10189,SCH012,2026-03-29,12054,0.29,3,Under Review,True,1,0,0,1,1,0.45,3.33,5,0,4,4,0.75,98.0,53.12,34
APP10955,CIT10360,SCH005,2026-03-29,103562,0.63,5,Under Review,True,0,0,0,1,0,2.1,1.61,3,348,3,3,1.0,96.34,100.0,16
APP10956,CIT10288,SCH011,2026-03-29,52973,1.89,3,Submitted,True,0,0,0,1,0,0.42,1.56,3,199,3,2,0.75,98.08,85.31,16
APP10957,CIT10154,SCH006,2026-03-30,55015,3.56,5,Approved,True,0,0,0,0,0,3.63,2.2,2,425,1,1,1.0,97.57,100.0,5
APP10958,CIT10058,SCH011,2026-03-30,54828,1.47,3,Under Review,True,0,0,0,1,0,3.56,1.38,3,90,3,1,0.75,96.5,87.85,15
APP10959,CIT10423,SCH012,2026-03-31,12403,0.0,4,Submitted,False,0,0,0,0,0,3.36,0.0,1,-1,1,1,1.0,98.95,99.35,0
APP10960,CIT10404,SCH012,2026-03-31,127254,0.21,3,Under Review,True,0,0,0,1,0,1.38,4.55,3,196,3,3,0.75,96.82,87.55,15
APP10961,CIT10338,SCH003,2026-04-01,169111,0.0,3,Approved,True,0,0,0,1,0,1.77,0.0,5,70,4,3,0.75,97.85,85.28,15
APP10962,CIT10050,SCH007,2026-04-01,12254,0.0,4,Submitted,True,0,0,0,1,0,2.12,0.0,4,248,4,4,1.0,99.56,97.85,11
APP10963,CIT10207,SCH002,2026-04-02,133555,0.0,4,Under Review,True,0,0,0,1,0,3.42,0.0,5,11,4,4,1.0,98.52,100.0,24
APP10964,CIT10052,SCH007,2026-04-02,12428,0.0,4,Under Review,True,0,0,0,1,0,3.57,0.0,2,229,2,2,1.0,97.36,100.0,3
APP10965,CIT10342,SCH002,2026-04-03,28848,0.23,5,Under Review,True,0,0,0,1,0,3.2,23.0,4,147,4,3,1.0,89.98,99.72,18
APP10966,CIT10371,SCH005,2026-04-03,206202,0.0,4,Approved,True,0,0,0,1,0,0.03,0.0,3,271,3,3,1.0,100.0,100.0,28
APP10967,CIT10150,SCH007,2026-04-04,12071,1.01,4,Submitted,False,0,0,0,0,0,0.59,0.98,1,-1,1,1,1.0,99.48,99.25,0
APP10968,CIT10053,SCH011,2026-04-04,117213,1.81,5,Submitted,True,0,0,0,0,0,2.78,0.56,3,208,2,1,1.0,100.0,98.63,0
APP10969,CIT10213,SCH011,2026-04-05,18548,0.0,5,Under Review,True,0,0,0,1,0,3.79,0.0,3,114,3,2,1.0,97.77,100.0,20
APP10970,CIT10066,SCH003,2026-04-05,114338,0.0,5,Approved,True,0,0,0,0,0,1.9,0.0,2,372,2,1,1.0,98.98,99.66,0
APP10971,CIT10232,SCH011,2026-04-06,38084,2.58,4,Under Review,True,0,0,0,0,0,2.99,2.38,2,405,2,1,1.0,98.47,97.48,3
APP10972,CIT10373,SCH004,2026-04-06,85796,3.31,3,Approved,True,0,0,0,1,0,0.63,1.22,3,193,3,3,0.75,98.68,82.51,17
APP10973,CIT10299,SCH001,2026-04-07,17017,3.9,2,Under Review,True,0,0,1,1,1,3.96,390.0,2,131,2,2,0.5,52.53,71.92,61
APP10974,CIT10338,SCH003,2026-04-07,179027,0.0,4,Approved,True,0,0,0,1,0,3.99,0.0,6,6,4,3,1.0,97.86,100.0,18
APP10975,CIT10151,SCH009,2026-04-07,64112,1.49,4,Under Review,True,0,0,0,1,0,0.92,1.97,5,61,5,5,1.0,100.0,100.0,17
APP10976,CIT10205,SCH010,2026-04-08,44625,1.17,4,Approved,True,0,0,0,0,0,0.87,1.68,2,47,2,1,1.0,100.0,100.0,0
APP10977,CIT10320,SCH005,2026-04-08,86542,5.08,4,Under Review,True,0,0,0,1,0,0.3,2.87,2,289,2,2,1.0,97.22,98.12,1
APP10978,CIT10255,SCH008,2026-04-09,108641,0.0,4,Submitted,False,0,0,0,0,0,2.95,0.0,1,-1,1,1,1.0,97.89,100.0,0
APP10979,CIT10489,SCH002,2026-04-09,60329,0.0,4,Under Review,False,0,0,0,0,0,0.66,0.0,1,-1,1,1,1.0,100.0,97.47,0
APP10980,CIT10137,SCH003,2026-04-10,72872,3.87,4,Submitted,True,0,0,0,1,0,1.18,0.51,4,51,4,3,1.0,98.31,98.72,11
APP10981,CIT10369,SCH007,2026-04-10,78409,0.0,4,Submitted,True,0,0,0,1,0,1.77,0.0,2,34,2,2,1.0,99.29,100.0,2
APP10982,CIT10135,SCH010,2026-04-11,34785,6.8,5,Approved,True,0,0,0,0,0,1.64,2.02,4,250,2,1,1.0,97.67,100.0,0
APP10983,CIT10425,SCH004,2026-04-11,57210,0.0,5,Submitted,False,0,0,0,0,0,1.99,0.0,1,-1,1,1,1.0,98.85,98.07,4
APP10984,CIT10054,SCH009,2026-04-12,104708,2.31,4,Under Review,False,0,0,0,0,0,2.16,0.43,1,-1,1,1,1.0,98.6,100.0,0
APP10985,CIT10065,SCH007,2026-04-12,21305,0.0,4,Approved,True,0,0,0,1,0,2.79,0.0,4,118,3,2,1.0,99.74,98.82,16
APP10986,CIT10002,SCH011,2026-04-13,39395,0.0,3,Under Review,True,0,0,0,0,0,0.16,0.0,2,351,2,1,0.75,100.0,85.47,0
APP10987,CIT10132,SCH012,2026-04-13,34327,0.0,4,Submitted,True,0,0,0,1,0,3.89,0.0,4,100,3,3,1.0,98.28,100.0,13
APP10988,CIT10334,SCH001,2026-04-14,26066,0.0,5,Under Review,True,0,0,0,1,0,2.67,0.0,3,113,2,2,1.0,97.89,100.0,7
APP10989,CIT10032,SCH004,2026-04-14,131683,0.0,4,Submitted,True,0,0,0,1,0,1.72,0.0,2,339,2,2,1.0,98.66,99.54,2
APP10990,CIT10356,SCH010,2026-04-15,116290,0.0,4,Approved,True,0,0,0,0,0,3.26,0.0,2,169,2,1,1.0,98.32,100.0,2
APP10991,CIT10386,SCH011,2026-04-15,67631,0.29,5,Under Review,True,0,0,0,0,0,3.03,0.0,2,418,2,1,1.0,100.0,100.0,0
APP10992,CIT10360,SCH006,2026-04-16,99427,0.64,5,Under Review,True,0,0,0,1,0,1.98,3.23,4,18,4,4,1.0,98.57,99.71,20
APP10993,CIT10498,SCH006,2026-04-16,95993,0.4,3,Approved,True,0,0,0,1,0,2.03,0.0,3,221,2,2,1.0,98.11,100.0,0
APP10994,CIT10243,SCH010,2026-04-17,41353,0.72,5,Under Review,True,0,0,0,1,0,1.61,1.37,3,317,3,1,1.0,98.08,98.98,13
APP10995,CIT10192,SCH006,2026-04-17,71735,2.65,5,Under Review,True,0,0,0,1,0,0.85,0.76,4,85,3,3,1.0,98.2,100.0,15
APP10996,CIT10142,SCH005,2026-04-17,89519,5.74,3,Under Review,True,0,0,1,1,1,0.63,574.0,5,128,4,4,0.75,54.04,82.42,49
APP10997,CIT10148,SCH003,2026-04-18,30016,0.0,3,Under Review,True,0,1,0,1,1,66.81,0.0,5,158,5,3,0.75,67.99,83.97,38
APP10998,CIT10089,SCH002,2026-04-18,28979,0.08,4,Under Review,False,0,0,0,0,0,1.84,0.0,1,-1,1,1,1.0,97.34,99.34,0
APP10999,CIT10490,SCH003,2026-04-19,11578,1.94,3,Submitted,True,0,0,0,1,0,3.52,2.02,2,282,2,2,0.75,98.87,87.22,6
APP11000,CIT10049,SCH009,2026-04-19,22300,0.51,4,Submitted,False,0,0,0,0,0,0.95,16.39,1,-1,1,1,1.0,92.6,100.0,8
APP11001,CIT10136,SCH003,2026-04-20,132114,0.0,4,Submitted,False,0,0,0,0,0,3.4,0.0,1,-1,1,1,1.0,100.0,98.7,1
APP11002,CIT10476,SCH003,2026-04-20,84666,7.25,5,Submitted,True,0,0,0,1,0,1.09,1.4,5,60,5,4,1.0,97.67,97.21,15
APP11003,CIT10191,SCH001,2026-04-21,68593,0.0,4,Submitted,True,0,0,0,1,0,2.95,0.0,3,161,3,2,1.0,100.0,98.16,19
APP11004,CIT10430,SCH002,2026-04-21,5000,0.0,2,Submitted,True,0,1,0,1,1,58.33,0.0,3,97,2,2,0.5,75.01,72.49,44
APP11005,CIT10149,SCH011,2026-04-22,12448,0.2,4,Under Review,True,0,0,0,1,0,3.73,20.0,6,87,5,4,1.0,90.93,100.0,21
APP11006,CIT10087,SCH012,2026-04-22,130105,0.0,4,Approved,True,0,0,0,1,0,1.74,0.0,4,157,4,4,1.0,98.94,100.0,23
APP11007,CIT10416,SCH003,2026-04-23,58001,2.41,4,Approved,True,0,0,0,1,0,1.27,1.23,4,50,4,4,1.0,98.21,98.95,19
APP11008,CIT10008,SCH002,2026-04-23,208882,2.45,5,Under Review,True,0,0,0,1,0,3.76,0.41,6,47,5,4,1.0,98.58,98.87,16
APP11009,CIT10223,SCH008,2026-04-24,32993,0.85,5,Under Review,True,0,0,0,1,0,2.26,1.16,3,87,3,3,1.0,99.91,99.17,17
APP11010,CIT10357,SCH006,2026-04-24,51632,3.35,3,Submitted,True,0,0,0,1,0,15.09,0.3,4,71,4,3,1.0,92.18,100.0,22
APP11011,CIT10016,SCH007,2026-04-25,119701,0.21,2,Submitted,True,1,0,0,1,1,4.43,5.0,4,1,2,2,0.5,97.02,38.87,50
APP11012,CIT10296,SCH001,2026-04-25,44443,0.0,5,Approved,True,0,0,0,0,0,2.5,0.0,2,304,2,1,1.0,97.02,100.0,3
APP11013,CIT10106,SCH006,2026-04-26,55100,0.0,5,Approved,True,0,0,0,1,0,1.4,0.0,5,347,4,4,1.0,99.07,100.0,16
APP11014,CIT10283,SCH002,2026-04-26,46292,0.0,4,Approved,False,0,0,0,0,0,1.4,0.0,1,-1,1,1,1.0,100.0,99.17,7
APP11015,CIT10104,SCH006,2026-04-26,59811,2.17,5,Submitted,True,0,0,0,0,0,0.41,2.84,2,209,2,1,1.0,98.46,100.0,5
APP11016,CIT10361,SCH003,2026-04-27,51057,4.98,4,Approved,True,0,0,0,1,0,2.18,2.35,3,208,2,2,1.0,97.57,100.0,2
APP11017,CIT10146,SCH007,2026-04-27,20486,0.0,4,Submitted,True,0,0,0,1,0,2.58,0.0,2,284,2,2,1.0,99.28,100.0,0
APP11018,CIT10035,SCH003,2026-04-28,55692,4.61,4,Under Review,True,0,0,0,1,0,3.91,1.71,2,361,2,2,1.0,98.88,100.0,10
APP11019,CIT10113,SCH009,2026-04-28,20835,0.17,5,Under Review,True,0,0,0,1,0,1.94,0.0,7,94,5,4,1.0,97.21,100.0,13
APP11020,CIT10308,SCH003,2026-04-29,24735,0.2,4,Approved,True,0,0,0,1,0,0.38,0.0,3,315,3,3,1.0,100.0,97.23,9
APP11021,CIT10399,SCH007,2026-04-29,37339,0.0,4,Under Review,True,0,0,0,1,0,1.77,0.0,3,341,3,3,1.0,99.1,100.0,14
APP11022,CIT10447,SCH012,2026-04-30,80888,6.72,4,Approved,True,0,0,0,1,0,9.97,1.05,3,140,3,2,1.0,94.68,98.39,19
APP11023,CIT10053,SCH004,2026-04-30,114112,2.12,5,Under Review,True,0,0,0,1,0,0.06,17.78,4,26,3,2,1.0,92.88,100.0,22
APP11024,CIT10347,SCH008,2026-05-01,50970,1.21,5,Approved,True,0,0,0,1,0,2.24,2.54,2,304,2,2,1.0,99.84,100.0,2
APP11025,CIT10081,SCH002,2026-05-01,109062,0.0,3,Under Review,False,0,0,0,0,0,0.18,0.0,1,-1,1,1,0.75,100.0,83.6,0
APP11026,CIT10104,SCH008,2026-05-02,58114,2.11,4,Under Review,True,0,0,0,1,0,3.24,0.0,3,6,3,2,1.0,97.85,100.0,16
APP11027,CIT10322,SCH009,2026-05-02,25525,0.09,4,Approved,False,0,0,0,0,0,1.49,0.0,1,-1,1,1,1.0,98.17,97.16,3
APP11028,CIT10369,SCH008,2026-05-03,74485,0.0,2,Under Review,True,1,0,0,1,1,6.68,0.0,5,0,3,3,0.5,96.88,40.1,64
APP11029,CIT10242,SCH006,2026-05-03,52628,0.67,5,Submitted,True,0,0,0,1,0,0.35,0.0,5,39,3,3,1.0,100.0,100.0,18
APP11030,CIT10031,SCH010,2026-05-04,64351,5.09,5,Under Review,True,0,0,0,1,0,2.63,2.83,6,110,4,3,1.0,96.67,100.0,16
APP11031,CIT10317,SCH001,2026-05-04,12267,0.45,5,Approved,False,0,0,0,0,0,2.23,2.17,1,-1,1,1,1.0,97.04,99.56,0
APP11032,CIT10192,SCH007,2026-05-05,70379,2.67,5,Submitted,True,0,0,0,1,0,2.72,1.52,5,18,4,4,1.0,99.24,100.0,18
APP11033,CIT10357,SCH001,2026-05-05,62856,3.51,5,Under Review,True,0,0,0,1,0,3.37,5.09,5,11,4,3,1.0,98.18,100.0,19
APP11034,CIT10361,SCH007,2026-05-05,48753,5.01,4,Submitted,True,0,0,0,1,0,2.43,1.76,4,8,3,3,1.0,99.74,100.0,13
APP11035,CIT10233,SCH002,2026-05-06,30949,10.45,5,Submitted,True,0,0,0,1,0,0.62,0.95,2,68,2,2,1.0,100.0,99.08,0
APP11036,CIT10098,SCH008,2026-05-06,57899,0.0,4,Submitted,True,0,0,0,1,0,0.26,0.0,2,400,2,2,1.0,100.0,97.17,0
APP11037,CIT10034,SCH002,2026-05-07,73930,0.05,4,Submitted,True,0,0,0,1,0,3.21,0.0,3,166,3,2,1.0,98.23,100.0,17
APP11038,CIT10243,SCH003,2026-05-07,41580,0.75,5,Approved,True,0,0,0,1,0,2.17,2.74,4,20,4,2,1.0,99.74,100.0,18
APP11039,CIT10439,SCH012,2026-05-08,12035,2.51,4,Under Review,True,0,0,0,1,0,0.29,13.45,4,60,4,4,1.0,93.56,99.71,20
APP11040,CIT10059,SCH003,2026-05-08,26614,3.29,4,Submitted,True,0,0,0,1,0,2.85,0.0,2,461,2,2,1.0,99.76,100.0,0
APP11041,CIT10259,SCH001,2026-05-09,11926,8.78,4,Approved,True,0,0,1,1,1,2.38,135.39,4,101,4,4,1.0,54.67,100.0,45
APP11042,CIT10017,SCH005,2026-05-09,46626,0.72,4,Approved,True,0,0,0,1,0,1.4,2.86,3,428,3,3,1.0,96.12,100.0,17
APP11043,CIT10078,SCH005,2026-05-10,112611,2.36,5,Submitted,True,0,0,0,1,0,0.02,1.26,5,58,3,3,1.0,99.22,97.98,21
APP11044,CIT10206,SCH010,2026-05-10,63957,0.56,4,Approved,True,0,0,0,0,0,1.23,1.75,2,213,2,1,1.0,100.0,97.96,4
APP11045,CIT10302,SCH005,2026-05-11,21050,0.0,5,Under Review,True,0,0,0,1,0,0.96,0.0,4,45,3,3,1.0,100.0,99.38,22
APP11046,CIT10166,SCH009,2026-05-11,83345,1.86,4,Approved,True,0,0,0,1,0,8.48,11.85,4,75,3,3,1.0,89.24,100.0,23
APP11047,CIT10291,SCH006,2026-05-12,21221,2.72,4,Submitted,True,0,0,0,1,0,2.8,0.37,3,51,3,3,1.0,99.43,97.18,20
APP11048,CIT10385,SCH006,2026-05-12,12264,0.06,3,Submitted,True,0,0,0,1,0,2.2,0.0,2,128,2,2,1.0,99.53,99.7,0
APP11049,CIT10112,SCH003,2026-05-13,38432,0.0,2,Under Review,True,1,0,0,1,1,4.22,0.0,2,1,2,2,0.5,98.39,42.08,43
APP11050,CIT10413,SCH005,2026-05-13,79746,0.0,4,Submitted,True,0,0,0,0,0,0.68,0.0,3,162,2,1,1.0,99.64,100.0,0
APP11051,CIT10388,SCH010,2026-05-14,83858,2.37,5,Approved,False,0,0,0,0,0,3.07,1.66,1,-1,1,0,1.0,98.42,100.0,5
APP11052,CIT10317,SCH007,2026-05-14,5000,0.48,4,Under Review,True,0,1,0,1,1,58.33,4.35,2,10,2,2,1.0,72.06,98.04,27
APP11053,CIT10353,SCH003,2026-05-14,22809,0.18,4,Submitted,True,0,0,0,1,0,1.8,0.0,3,208,3,2,1.0,99.87,100.0,13
APP11054,CIT10145,SCH002,2026-05-15,92464,0.06,4,Under Review,True,0,0,0,0,0,1.96,0.0,2,256,1,1,1.0,99.58,97.5,1
APP11055,CIT10156,SCH005,2026-05-15,65759,1.07,5,Under Review,True,0,0,0,1,0,2.5,0.0,2,103,2,2,1.0,98.55,99.39,0
APP11056,CIT10178,SCH003,2026-05-16,32966,0.0,5,Submitted,True,0,0,0,1,0,2.01,0.0,5,110,5,4,1.0,98.36,100.0,10
APP11057,CIT10346,SCH005,2026-05-16,11845,0.0,4,Approved,True,0,0,0,1,0,1.29,0.0,2,141,2,2,1.0,98.41,100.0,0
APP11058,CIT10136,SCH009,2026-05-17,134032,0.26,5,Approved,True,0,0,0,1,0,2.0,26.0,2,27,2,2,1.0,86.58,97.54,11
APP11059,CIT10418,SCH011,2026-05-17,21406,0.2,4,Submitted,True,0,0,0,0,0,2.18,0.0,3,349,2,1,1.0,98.1,100.0,0
APP11060,CIT10315,SCH010,2026-05-18,22545,0.28,5,Submitted,True,0,0,0,0,0,0.49,0.0,3,70,2,1,1.0,99.51,97.8,2
APP11061,CIT10018,SCH001,2026-05-18,32330,0.0,3,Submitted,True,0,0,0,1,0,3.37,0.0,6,267,4,3,0.75,99.49,87.05,16
APP11062,CIT10351,SCH004,2026-05-19,15011,11.45,4,Approved,True,0,0,0,1,0,2.11,1.72,3,151,3,2,1.0,97.95,100.0,16
APP11063,CIT10443,SCH010,2026-05-19,128195,0.0,4,Approved,True,0,0,0,1,0,1.96,0.0,3,98,3,2,1.0,99.35,100.0,18
APP11064,CIT10155,SCH005,2026-05-20,30214,5.56,3,Submitted,True,0,0,0,1,0,2.19,5.12,3,69,3,2,0.75,97.1,83.17,12
APP11065,CIT10272,SCH002,2026-05-20,87137,0.2,5,Submitted,True,0,0,0,1,0,1.48,0.0,2,175,2,2,1.0,100.0,97.49,0
APP11066,CIT10266,SCH012,2026-05-21,41691,0.0,3,Approved,True,0,0,0,1,0,1.25,0.0,4,103,4,3,0.75,98.62,85.74,15
APP11067,CIT10360,SCH002,2026-05-21,97766,0.61,3,Approved,True,0,0,0,1,0,3.61,1.61,5,35,5,5,0.75,97.59,86.79,22
APP11068,CIT10332,SCH001,2026-05-22,12131,0.0,5,Submitted,True,0,0,0,1,0,1.09,0.0,4,157,3,3,1.0,97.63,100.0,14
APP11069,CIT10406,SCH008,2026-05-22,167105,2.04,5,Submitted,True,0,0,0,1,0,2.97,2.51,3,285,3,3,1.0,95.57,100.0,20
APP11070,CIT10016,SCH002,2026-05-23,115430,0.2,4,Submitted,True,0,0,0,1,0,7.84,0.0,5,28,3,3,1.0,98.16,97.03,21
APP11071,CIT10012,SCH003,2026-05-23,18516,0.03,4,Approved,True,0,0,0,1,0,1.88,3.0,3,287,3,3,1.0,97.19,98.01,21
APP11072,CIT10075,SCH012,2026-05-24,60834,0.29,3,Submitted,True,0,0,0,1,0,2.05,29.0,2,351,2,2,0.75,84.08,84.82,8
APP11073,CIT10212,SCH002,2026-05-24,137753,0.31,4,Submitted,True,0,0,0,1,0,1.45,3.33,2,362,2,2,1.0,97.99,100.0,8
APP11074,CIT10179,SCH004,2026-05-24,25934,0.0,3,Approved,True,0,0,0,0,0,3.72,0.0,2,228,1,1,0.75,100.0,83.58,0
APP11075,CIT10129,SCH001,2026-05-25,82789,1.06,5,Approved,True,0,0,0,1,0,1.31,0.95,4,360,3,2,1.0,100.0,98.23,15
APP11076,CIT10283,SCH003,2026-05-25,44089,0.0,1,Under Review,True,1,0,0,1,1,6.09,0.0,2,0,2,2,0.25,96.87,27.85,53
APP11077,CIT10195,SCH005,2026-05-26,25569,0.7,4,Approved,True,0,0,0,1,0,1.62,0.0,4,104,4,4,1.0,98.63,98.06,18
APP11078,CIT10268,SCH010,2026-05-26,40361,0.0,4,Submitted,False,0,0,0,0,0,1.72,0.0,1,-1,1,0,1.0,100.0,98.01,6
APP11079,CIT10030,SCH001,2026-05-27,43825,2.65,4,Under Review,True,0,0,0,1,0,2.65,1.15,5,73,3,3,1.0,99.25,99.78,19
APP11080,CIT10009,SCH004,2026-05-27,19308,0.37,5,Submitted,True,0,0,0,1,0,2.58,32.14,2,375,2,2,1.0,82.46,97.4,17
APP11081,CIT10309,SCH006,2026-05-28,82337,4.34,5,Under Review,True,0,0,0,0,0,0.81,0.91,2,377,2,1,1.0,99.67,97.49,0
APP11082,CIT10445,SCH004,2026-05-28,37561,0.0,4,Submitted,True,0,0,0,1,0,1.69,0.0,3,387,2,2,1.0,100.0,99.95,0
APP11083,CIT10310,SCH007,2026-05-29,94251,0.0,4,Under Review,True,0,0,0,0,0,0.0,0.0,2,130,2,1,1.0,98.02,100.0,2
APP11084,CIT10165,SCH007,2026-05-29,23825,0.19,4,Submitted,True,0,0,0,1,0,10.07,0.0,3,282,3,3,1.0,93.64,97.83,20
APP11085,CIT10193,SCH006,2026-05-30,294264,4.2,5,Approved,True,0,0,0,1,0,2.43,0.24,2,301,2,2,1.0,98.53,100.0,0
APP11086,CIT10426,SCH009,2026-05-30,82346,1.23,3,Approved,True,0,0,0,1,0,3.74,2.5,2,202,2,2,1.0,97.12,100.0,0
APP11087,CIT10305,SCH002,2026-05-31,10426,0.0,3,Approved,True,0,0,0,1,0,13.12,0.0,3,95,3,3,0.75,93.94,83.08,20
APP11088,CIT10260,SCH010,2026-05-31,13971,1.89,3,Submitted,True,0,1,0,0,1,73.13,0.53,4,339,2,1,1.0,66.9,97.35,35
APP11089,CIT10192,SCH008,2026-06-01,33361,2.65,2,Rejected,True,0,1,0,1,1,53.89,0.76,6,27,5,5,0.5,74.41,68.99,63
APP11090,CIT10079,SCH008,2026-06-01,14145,0.82,5,Approved,True,0,0,0,1,0,0.64,0.0,4,303,4,3,1.0,99.39,100.0,17
APP11091,CIT10179,SCH011,2026-06-02,27238,0.0,4,Submitted,True,0,0,0,0,0,1.12,0.0,3,9,2,1,1.0,97.87,98.68,0
APP11092,CIT10091,SCH010,2026-06-02,53288,3.42,4,Submitted,True,0,0,0,1,0,0.59,2.01,3,115,3,2,1.0,99.42,97.33,14
APP11093,CIT10456,SCH011,2026-06-02,13008,0.13,4,Submitted,True,0,0,0,0,0,1.46,0.0,3,408,2,1,1.0,99.83,99.46,2
APP11094,CIT10444,SCH004,2026-06-03,53481,0.0,4,Under Review,False,0,0,0,0,0,2.48,0.0,1,-1,1,1,1.0,98.56,99.38,5
APP11095,CIT10215,SCH006,2026-06-03,110664,3.53,4,Approved,True,0,0,0,0,0,0.7,0.28,2,310,2,1,1.0,97.78,100.0,4
APP11096,CIT10079,SCH011,2026-06-04,13672,0.81,4,Submitted,True,0,0,0,1,0,2.73,1.22,5,3,5,3,1.0,98.54,69.19,29
APP11097,CIT10475,SCH006,2026-06-04,148981,0.0,2,Submitted,True,0,0,0,1,1,14.66,0.0,5,101,3,3,0.67,95.39,81.56,28
APP11098,CIT10415,SCH005,2026-06-05,17413,0.0,3,Submitted,True,0,0,0,1,0,2.47,0.0,2,164,2,2,0.75,96.97,85.67,3
APP11099,CIT10103,SCH001,2026-06-05,56886,0.0,5,Approved,True,0,0,0,1,0,9.6,0.0,2,517,2,2,1.0,95.87,100.0,0
APP11100,CIT10111,SCH003,2026-06-06,147841,0.0,4,Approved,True,0,0,0,0,0,13.65,0.0,2,120,2,1,1.0,94.94,98.59,8
APP11101,CIT10456,SCH007,2026-06-06,12732,0.13,4,Approved,True,0,0,0,0,0,0.69,0.0,4,4,2,1,1.0,99.73,100.0,2
APP11102,CIT10478,SCH008,2026-06-07,89258,5.41,4,Approved,True,0,0,0,1,0,1.3,1.1,3,347,3,3,1.0,97.51,99.05,23
APP11103,CIT10314,SCH002,2026-06-07,79800,0.0,4,Approved,False,0,0,0,0,0,0.49,0.0,1,-1,1,1,1.0,100.0,100.0,3
APP11104,CIT10247,SCH003,2026-06-08,13746,0.0,2,Under Review,True,1,0,0,1,1,6.29,0.0,6,1,5,3,0.5,98.2,37.39,70
APP11105,CIT10234,SCH004,2026-06-08,43977,0.54,5,Under Review,True,0,0,0,1,0,5.45,1.89,2,172,2,2,1.0,98.08,100.0,0
APP11106,CIT10082,SCH011,2026-06-09,20173,0.95,5,Approved,True,0,0,0,1,0,2.54,3.06,3,115,3,2,1.0,95.5,100.0,13
APP11107,CIT10132,SCH005,2026-06-09,36491,0.0,3,Submitted,True,0,0,0,1,0,2.17,0.0,5,57,3,3,0.75,97.84,83.2,21
APP11108,CIT10495,SCH003,2026-06-10,92999,0.13,4,Submitted,True,0,0,0,1,0,3.07,0.0,4,104,4,4,1.0,100.0,100.0,20
APP11109,CIT10235,SCH005,2026-06-10,33495,2.62,3,Submitted,True,0,0,1,1,1,2.85,262.0,2,383,2,2,0.75,54.1,87.57,30
APP11110,CIT10278,SCH008,2026-06-11,94913,0.23,5,Submitted,True,0,0,0,1,0,1.15,0.0,4,279,4,3,1.0,100.0,100.0,17
APP11111,CIT10387,SCH008,2026-06-11,37668,0.2,5,Submitted,True,0,0,0,1,0,2.53,0.0,4,238,3,2,1.0,99.79,100.0,16
APP11112,CIT10335,SCH002,2026-06-11,30270,1.0,3,Under Review,True,0,0,0,1,0,1.54,0.99,5,93,4,3,0.75,98.34,84.99,14
APP11113,CIT10099,SCH006,2026-06-12,39909,0.0,5,Submitted,False,0,0,0,0,0,0.7,0.0,1,-1,1,1,1.0,100.0,97.55,0
APP11114,CIT10431,SCH004,2026-06-12,42468,0.0,3,Approved,False,0,0,0,0,0,0.59,0.0,1,-1,1,1,0.75,100.0,83.39,0
APP11115,CIT10038,SCH009,2026-06-13,62286,1.84,3,Under Review,True,1,0,0,1,1,5.91,1.66,3,0,3,3,1.0,96.13,70.61,35
APP11116,CIT10161,SCH010,2026-06-13,47087,0.08,5,Submitted,False,0,0,0,0,0,0.8,8.0,1,-1,1,0,1.0,94.22,100.0,0
APP11117,CIT10462,SCH002,2026-06-14,230012,0.0,5,Under Review,False,0,0,0,0,0,3.12,0.0,1,-1,1,1,1.0,99.8,100.0,4
APP11118,CIT10432,SCH008,2026-06-14,111317,0.64,4,Submitted,True,0,0,0,1,0,1.46,3.23,5,92,5,3,1.0,97.72,100.0,15
APP11119,CIT10449,SCH001,2026-06-15,42232,0.0,3,Under Review,True,0,0,0,1,0,3.79,0.0,3,127,3,3,0.75,97.77,83.54,19
APP11120,CIT10117,SCH011,2026-06-15,70466,1.28,3,Submitted,True,0,0,0,1,0,0.1,0.78,5,113,3,2,0.75,98.82,83.48,16
APP11121,CIT10241,SCH006,2026-06-16,192261,0.0,3,Under Review,True,0,0,0,1,0,2.52,0.0,4,260,4,4,1.0,99.93,99.72,22
APP11122,CIT10026,SCH011,2026-06-16,217483,0.0,3,Submitted,False,0,0,0,0,0,3.84,0.0,1,-1,1,0,0.75,97.56,84.85,0
APP11123,CIT10136,SCH011,2026-06-17,133539,0.0,5,Under Review,True,0,0,0,1,0,2.36,0.0,3,31,3,2,1.0,98.57,98.07,21
APP11124,CIT10050,SCH012,2026-06-17,11915,0.1,5,Approved,True,0,0,0,1,0,0.71,10.0,5,77,5,5,1.0,97.01,100.0,20
APP11125,CIT10464,SCH010,2026-06-18,218910,0.0,3,Submitted,True,0,0,0,0,0,2.6,0.0,2,450,2,1,1.0,99.39,100.0,2
APP11126,CIT10294,SCH001,2026-06-18,39102,7.89,5,Approved,True,0,0,0,1,0,2.54,2.6,3,82,2,2,1.0,97.33,97.07,0
APP11127,CIT10394,SCH002,2026-06-19,127368,2.99,2,Approved,True,0,0,0,1,1,1.93,8.33,2,242,2,2,0.5,93.87,70.48,34
APP11128,CIT10298,SCH003,2026-06-19,12436,0.0,5,Submitted,True,0,0,0,1,0,3.63,0.0,4,183,3,1,1.0,97.3,100.0,20
APP11129,CIT10293,SCH009,2026-06-20,23945,1.72,5,Under Review,True,0,0,0,0,0,0.46,1.71,2,499,1,1,1.0,100.0,100.0,6
APP11130,CIT10154,SCH005,2026-06-20,58153,3.6,4,Submitted,True,0,0,0,1,0,1.87,1.1,3,82,2,2,1.0,100.0,97.37,12
APP11131,CIT10220,SCH010,2026-06-20,163502,0.0,5,Submitted,True,0,0,0,1,0,2.86,0.0,3,314,3,2,1.0,98.48,98.61,18
APP11132,CIT10140,SCH010,2026-06-21,72685,0.74,5,Under Review,True,0,0,0,0,0,3.78,2.78,2,242,2,1,1.0,96.76,97.9,0
APP11133,CIT10468,SCH012,2026-06-21,71305,2.52,3,Submitted,True,0,0,1,1,1,1.92,252.0,4,254,3,2,0.75,52.6,84.58,42
APP11134,CIT10049,SCH002,2026-06-22,24999,0.61,4,Under Review,True,0,0,0,1,0,13.16,0.0,2,64,2,2,1.0,93.58,97.77,6
APP11135,CIT10142,SCH010,2026-06-22,92417,0.0,4,Approved,True,0,0,0,1,0,2.58,0.0,6,66,5,4,1.0,98.96,100.0,17
APP11136,CIT10046,SCH005,2026-06-23,19790,0.17,4,Approved,True,0,0,0,1,0,2.25,17.0,2,119,2,2,1.0,91.63,99.83,17
APP11137,CIT10163,SCH005,2026-06-23,11605,0.0,2,Submitted,True,0,0,0,1,1,3.29,0.0,2,521,2,2,0.5,97.74,67.54,24
APP11138,CIT10285,SCH001,2026-06-24,11579,0.15,4,Under Review,True,0,0,0,1,0,3.51,15.0,2,139,2,2,1.0,91.34,100.0,4
APP11139,CIT10268,SCH003,2026-06-24,40512,0.0,4,Approved,True,0,0,0,0,0,2.1,0.0,2,29,2,1,1.0,99.92,100.0,2
APP11140,CIT10116,SCH005,2026-06-25,51568,0.2,4,Under Review,True,0,0,0,1,0,1.52,0.0,2,439,2,2,1.0,100.0,100.0,0
APP11141,CIT10082,SCH009,2026-06-25,17599,0.96,1,Approved,True,0,0,0,1,1,10.54,2.04,4,16,4,3,0.33,94.44,60.38,42
APP11142,CIT10044,SCH010,2026-06-26,131335,1.01,3,Submitted,True,0,0,0,1,0,1.87,0.98,3,107,3,2,1.0,96.87,100.0,12
APP11143,CIT10194,SCH001,2026-06-26,30415,1.23,4,Approved,True,0,0,0,1,0,0.01,2.38,3,388,3,2,1.0,98.42,98.89,14
APP11144,CIT10258,SCH008,2026-06-27,11747,0.0,4,Submitted,True,0,0,0,1,0,2.11,0.0,3,227,3,2,1.0,98.45,99.43,18
APP11145,CIT10443,SCH001,2026-06-27,123668,0.0,3,Approved,True,0,0,0,1,0,1.64,0.0,4,39,4,3,0.75,98.0,85.14,12
APP11146,CIT10273,SCH009,2026-06-28,37224,0.15,2,Submitted,True,1,0,0,1,1,4.06,0.0,3,2,3,3,0.67,98.75,48.27,34
APP11147,CIT10394,SCH006,2026-06-28,118805,2.82,5,Under Review,True,0,0,0,1,0,8.52,2.17,3,9,3,3,1.0,94.96,100.0,23
APP11148,CIT10274,SCH001,2026-06-29,108335,0.14,4,Under Review,True,0,0,0,1,0,1.47,0.0,2,171,2,2,1.0,98.88,100.0,0
APP11149,CIT10278,SCH008,2026-06-29,95481,0.23,4,Approved,True,0,0,0,1,0,0.55,0.0,5,18,4,3,1.0,99.3,100.0,14
APP11150,CIT10083,SCH005,2026-06-30,14389,0.0,3,Under Review,True,0,0,0,1,0,1.52,0.0,4,290,3,2,0.75,98.56,82.82,23
